purchase_date,usd_brl_rate,selic_rate,selic_target,ipca_inflation,usd_brl_change,usd_brl_volatility,usd_brl_30day_avg,usd_brl_high,usd_brl_low,selic_changed,high_interest_period
2016-09-04,3.2721,0.052531,14.25,0.26,,,,0,0,1,1
2016-09-05,3.2721,0.052531,14.25,0.26,0.0,,,0,0,0,1
2016-09-06,3.2452,0.052531,14.25,0.26,-0.00822102013997128,,,0,0,0,1
2016-09-07,3.2193,0.052531,14.25,0.26,-0.00798101811906815,,,0,0,0,1
2016-09-08,3.1934,0.052531,14.25,0.26,-0.00804522722330947,,,0,0,0,1
2016-09-09,3.2638,0.052531,14.25,0.26,0.022045468779357424,,,0,0,0,1
2016-09-10,3.271,0.052531,14.25,0.26,0.0022060175255838033,0.030964588069046072,,0,0,0,1
2016-09-11,3.2782,0.052531,14.25,0.26,0.00220116172424345,0.031825513873829744,,0,0,0,1
2016-09-12,3.2854,0.052531,14.25,0.26,0.0021963272527607547,0.03377193114604689,,0,0,0,1
2016-09-13,3.2972,0.052531,14.25,0.26,0.0035916478967552568,0.037789271594184666,,0,0,0,1
2016-09-14,3.3262,0.052531,14.25,0.26,0.008795341501880438,0.04086351265697401,,0,0,0,1
2016-09-15,3.3326,0.052531,14.25,0.26,0.0019241176116888692,0.02677009703452893,,0,0,0,1
2016-09-16,3.3004,0.052531,14.25,0.26,-0.009662125667646904,0.023363178192148636,,0,0,0,1
2016-09-17,3.288133333333333,0.052531,14.25,0.26,-0.003716721205510476,0.02072425157091556,,0,0,0,1
2016-09-18,3.2758666666666665,0.052531,14.25,0.26,-0.0037305867564170203,0.021169119967812438,,0,0,0,1
2016-09-19,3.2636,0.052531,14.25,0.26,-0.003744556147991407,0.025062668543021405,,0,0,0,1
2016-09-20,3.254,0.052531,14.25,0.26,-0.002941536953057877,0.03003579170038291,,0,0,0,1
2016-09-21,3.2408,0.052531,14.25,0.26,-0.004056545789797084,0.030942777020420663,,0,0,0,1
2016-09-22,3.2015,0.052531,14.25,0.26,-0.012126635398667096,0.03294592571417721,,0,0,0,1
2016-09-23,3.2242,0.052531,14.25,0.26,0.007090426362642566,0.030072716985307255,,0,0,0,1
2016-09-24,3.2294666666666667,0.052531,14.25,0.26,0.0016334801397761556,0.025397330401727113,,0,0,0,1
2016-09-25,3.2347333333333337,0.052531,14.25,0.26,0.0016308162338467547,0.020333155086393058,,0,0,0,1
2016-09-26,3.24,0.052531,14.25,0.26,0.001628161002452444,0.01648407761492709,,0,0,0,1
2016-09-27,3.2358,0.052531,14.25,0.26,-0.001296296296296462,0.013644955654561327,,0,0,0,1
2016-09-28,3.2476,0.052531,14.25,0.26,0.0036467025156066146,0.014778493239636785,,0,0,0,1
2016-09-29,3.2235,0.052531,14.25,0.26,-0.0074208646385022226,0.00866542420887163,,0,0,0,1
2016-09-30,3.2462,0.052531,14.25,0.26,0.0070420350550643995,0.008671466924601462,,0,0,0,1
2016-10-01,3.2420666666666667,0.052531,14.25,0.26,-0.0012732836341979858,0.008200874259763702,,0,0,0,1
2016-10-02,3.2379333333333333,0.052531,14.25,0.26,-0.0012749069523554368,0.008039805072797574,,0,0,0,1
2016-10-03,3.2338,0.052531,14.25,0.26,-0.0012765344149560098,0.008251833209830974,3.2558700000000003,0,0,0,1
2016-10-04,3.2203,0.052531,14.25,0.26,-0.004174655204403521,0.010697903171895772,3.2541433333333334,0,0,0,1
2016-10-05,3.2359,0.052531,14.25,0.26,0.004844269167468829,0.009403539804068049,3.2529366666666664,0,0,0,1
2016-10-06,3.231,0.052531,14.25,0.26,-0.0015142618745944691,0.008342969032380519,3.252463333333333,0,0,0,1
2016-10-07,3.2134,0.052531,14.25,0.26,-0.0054472299597647655,0.010211729431862205,3.2522666666666664,0,0,0,1
2016-10-08,3.2131,0.052531,14.25,0.26,-9.335905894070073e-05,0.01066325838406041,3.2529233333333334,0,0,0,1
2016-10-09,3.2128,0.052531,14.25,0.26,-9.336777566826271e-05,0.010396153134701522,3.2512233333333334,0,0,0,1
2016-10-10,3.2125,0.052531,14.25,0.26,-9.337649402396675e-05,0.009772556325907164,3.249273333333333,0,0,0,1
2016-10-11,3.2136,0.052531,14.25,0.26,0.00034241245136179543,0.010046226488928054,3.2471200000000002,0,0,0,1
2016-10-12,3.21115,0.052531,14.25,0.26,-0.0007623848643266706,0.006941584490465855,3.244645,0,0,0,1
2016-10-13,3.2087,0.052531,14.25,0.26,-0.0007629665384675244,0.0017324975091570682,3.241695,0,0,0,1
2016-10-14,3.1864,0.052531,14.25,0.26,-0.006949855081497147,0.009805689553480766,3.2370349999999997,0,0,0,1
2016-10-15,3.1896999999999998,0.052531,14.25,0.26,0.0010356515189555715,0.011709037006485585,3.2322716666666667,0,0,0,1
2016-10-16,3.193,0.052531,14.25,0.26,0.0010345800545505934,0.011894781769059047,3.2286916666666667,0,0,0,1
2016-10-17,3.1963,0.052531,14.25,0.26,0.0010335108048855624,0.011094469879402678,3.2256305555555556,0,0,0,1
2016-10-18,3.1874,0.052531,14.25,0.26,-0.002784469542909007,0.010046990783799118,3.2226816666666664,0,0,0,1
2016-10-19,3.18,0.052531,14.25,0.26,-0.0023216414632615257,0.009122290856820004,3.2198949999999997,0,0,0,1
2016-10-20,3.1605,0.05166,14.0,0.26,-0.006132075471698251,0.011876707897243394,3.2167783333333335,0,0,1,1
2016-10-21,3.1593,0.05166,14.0,0.26,-0.00037968675842425803,0.015203007221326082,3.2140616666666664,0,0,0,1
2016-10-22,3.1499,0.05166,14.0,0.26,-0.002975342639192191,0.018452280798506863,3.2123416666666667,0,0,0,1
2016-10-23,3.1405,0.05166,14.0,0.26,-0.0029842217213246203,0.02056056095214729,3.209551666666667,0,0,0,1
2016-10-24,3.1311,0.05166,14.0,0.26,-0.0029931539563763376,0.020210263776237105,3.206272777777778,0,0,0,1
2016-10-25,3.1193,0.05166,14.0,0.26,-0.003768643607677813,0.02030630912983793,3.202425,0,0,0,1
2016-10-26,3.1219,0.05166,14.0,0.26,0.0008335203411022896,0.016957874979191587,3.198488333333333,0,0,0,1
2016-10-27,3.1429,0.05166,14.0,0.26,0.00672667285947659,0.014616754900110366,3.1953916666666666,0,0,0,1
2016-10-28,3.1815,0.05166,14.0,0.26,0.01228165070476317,0.021043718664686253,3.1931883333333335,0,0,0,1
2016-10-29,3.181366666666667,0.05166,14.0,0.26,-4.1908952799984966e-05,0.02602862892681598,3.191783888888889,0,0,0,1
2016-10-30,3.181233333333333,0.05166,14.0,0.26,-4.1910709234094234e-05,0.029094682144695534,3.1896183333333337,0,0,0,1
2016-10-31,3.1811,0.05166,14.0,0.26,-4.191246581508601e-05,0.029436381046263806,3.1875861111111106,0,0,0,1
2016-11-01,3.2053,0.05166,14.0,0.18,0.0076074313916569825,0.02828705838290606,3.186498333333333,0,0,0,1
2016-11-02,3.2181499999999996,0.05166,14.0,0.18,0.0040089851183975345,0.023581670253777283,3.1859766666666665,0,0,0,1
2016-11-03,3.231,0.05166,14.0,0.18,0.003992977331696901,0.021048361107012,3.1863333333333332,0,0,0,1
2016-11-04,3.2449,0.05166,14.0,0.18,0.004302073661405226,0.02622455556944591,3.1866333333333334,0,0,0,1
2016-11-05,3.2307333333333332,0.05166,14.0,0.18,-0.004365825346441032,0.025061052172224464,3.186624444444445,0,0,0,1
2016-11-06,3.2165666666666666,0.05166,14.0,0.18,-0.004384969356802326,0.02073357672240378,3.18673,0,0,0,1
2016-11-07,3.2024,0.05166,14.0,0.18,-0.004404281998404147,0.015196350247564317,3.1863733333333335,0,0,0,1
2016-11-08,3.2024,0.05166,14.0,0.18,0.0,0.015735000836442303,3.1860266666666663,0,0,0,1
2016-11-09,3.2258,0.05166,14.0,0.18,0.007307019735198539,0.01577950415326269,3.1864700000000004,0,0,0,1
2016-11-10,3.3104,0.05166,14.0,0.18,0.026226052452104964,0.03726354517409513,3.189696666666667,0,0,0,1
2016-11-11,3.4377,0.05166,14.0,0.18,0.03845456742387632,0.08627519860411677,3.1972483333333335,1,0,0,1
2016-11-12,3.44,0.05166,14.0,0.18,0.0006690519824301688,0.10769486362307819,3.204958333333333,1,0,0,1
2016-11-13,3.4423,0.05166,14.0,0.18,0.0006686046511628074,0.1153060420504188,3.2134883333333333,1,0,0,1
2016-11-14,3.4446,0.05166,14.0,0.18,0.0006681579176712749,0.1092664785436632,3.2219849999999997,1,0,0,1
2016-11-15,3.43145,0.05166,14.0,0.18,-0.003817569529118048,0.08708895766753903,3.2299333333333333,1,0,0,1
2016-11-16,3.4183,0.05166,14.0,0.18,-0.0038321992160748053,0.04818137483459394,3.237333333333333,1,0,0,1
2016-11-17,3.4052,0.05166,14.0,0.18,-0.0038323143082819033,0.014518629247877262,3.2445933333333334,0,0,0,1
2016-11-18,3.3917,0.05166,14.0,0.18,-0.00396452484435561,0.020394329860905575,3.25165,0,0,0,1
2016-11-19,3.378366666666667,0.05166,14.0,0.18,-0.003931165295672723,0.0254199373383367,3.258912222222222,0,0,0,1
2016-11-20,3.3650333333333333,0.05166,14.0,0.18,-0.003946680348491993,0.028659593765684967,3.2657700000000003,0,0,0,1
2016-11-21,3.3517,0.05166,14.0,0.18,-0.003962318352467964,0.02874821204469058,3.272496666666667,0,0,0,1
2016-11-22,3.3476,0.05166,14.0,0.18,-0.0012232598382910798,0.0268188642839477,3.2794000000000003,0,0,0,1
2016-11-23,3.3927,0.05166,14.0,0.18,0.013472338391683714,0.021988353097879037,3.2881199999999997,0,0,0,1
2016-11-24,3.3987,0.05166,14.0,0.18,0.001768502962242291,0.020648234227626176,3.297433333333333,0,0,0,1
2016-11-25,3.4279,0.05166,14.0,0.18,0.008591520287168697,0.02852524455143029,3.3076333333333334,0,0,0,1
2016-11-26,3.4184666666666668,0.05166,14.0,0.18,-0.002751927808084642,0.03190225730513963,3.3168188888888888,0,0,0,1
2016-11-27,3.4090333333333334,0.05166,14.0,0.18,-0.0027595218128986243,0.031410266073596274,3.324403333333333,0,0,0,1
2016-11-28,3.3996,0.05166,14.0,0.18,-0.0027671578453325463,0.025809513852265566,3.3316777777777777,0,0,0,1
2016-11-29,3.406,0.05166,14.0,0.18,0.0018825744205202,0.012246887089603711,3.3391699999999997,0,0,0,1
2016-11-30,3.3967,0.05166,14.0,0.18,-0.00273047563123896,0.01151336927041468,3.346356666666667,0,0,0,1
2016-12-01,3.4362,0.050788,13.75,0.3,0.011628933965319277,0.01471347149334535,3.3540533333333333,0,0,1,1
2016-12-02,3.465,0.050788,13.75,0.3,0.00838135149292829,0.024336315320636934,3.3622816666666666,0,0,0,1
2016-12-03,3.4632666666666667,0.050788,13.75,0.3,-0.0005002405002404453,0.029585105468929306,3.3700238888888885,0,0,0,1
2016-12-04,3.461533333333333,0.050788,13.75,0.3,-0.0005004908660417584,0.03142629152383364,3.377245,0,0,0,1
2016-12-05,3.4598,0.050788,13.75,0.3,-0.0005007414825799472,0.02903179519551429,3.3848805555555552,0,0,0,1
2016-12-06,3.4354,0.050788,13.75,0.3,-0.007052430776345431,0.024924388302910792,3.392175,0,0,0,1
2016-12-07,3.3895,0.050788,13.75,0.3,-0.013360889561623068,0.027304672352443205,3.3984116666666666,0,0,0,1
2016-12-08,3.4008,0.050788,13.75,0.3,0.0033338250479422182,0.031955585082870455,3.405025,0,0,0,1
2016-12-09,3.3858,0.050788,13.75,0.3,-0.004410726887790983,0.03520689040904218,3.4103583333333334,0,0,0,1
2016-12-10,3.3804333333333334,0.050788,13.75,0.3,-0.0015850512926536275,0.03530385487891326,3.412692777777778,0,0,0,1
2016-12-11,3.3750666666666667,0.050788,13.75,0.3,-0.0015875676688392737,0.03173759558542846,3.410605,0,0,0,1
2016-12-12,3.3697,0.050788,13.75,0.3,-0.0015900920475645508,0.02204500207306392,3.4082616666666667,0,0,0,1
2016-12-13,3.334,0.050788,13.75,0.3,-0.010594414933079999,0.02127592474005044,3.4046516666666666,0,0,0,1
2016-12-14,3.3103,0.050788,13.75,0.3,-0.007108578284343192,0.03169861379305844,3.400175,0,0,0,1
2016-12-15,3.383,0.050788,13.75,0.3,0.021961755732109012,0.02895831523351092,3.3985600000000002,0,0,0,1
2016-12-16,3.3712,0.050788,13.75,0.3,-0.003488028377179986,0.027499060108987023,3.39699,0,0,0,1
2016-12-17,3.3734,0.050788,13.75,0.3,0.0006525866160418392,0.026769376604786715,3.39593,0,0,0,1
2016-12-18,3.3756,0.050788,13.75,0.3,0.0006521610244856202,0.02682169519871389,3.3953933333333333,0,0,0,1
2016-12-19,3.3778,0.050788,13.75,0.3,0.0006517359876763162,0.027496294122582546,3.3953744444444443,0,0,0,1
2016-12-20,3.3586,0.050788,13.75,0.3,-0.005684173130440007,0.024961751693709653,3.3951599999999997,0,0,0,1
2016-12-21,3.3297,0.050788,13.75,0.3,-0.0086047757994403,0.01810633932656972,3.3944266666666665,0,0,0,1
2016-12-22,3.3302,0.050788,13.75,0.3,0.00015016367840958722,0.02110110581618993,3.3938466666666667,0,0,0,1
2016-12-23,3.2696,0.050788,13.75,0.3,-0.018197105278962233,0.03903419136138862,3.3897433333333336,0,0,0,1
2016-12-24,3.2697666666666665,0.050788,13.75,0.3,5.097463502146127e-05,0.04556730413738176,3.3854455555555556,0,0,0,1
2016-12-25,3.2699333333333334,0.050788,13.75,0.3,5.097203674075956e-05,0.04551574354058586,3.38018,0,0,0,1
2016-12-26,3.2701,0.050788,13.75,0.3,5.096943872451298e-05,0.03843541962150267,3.375234444444444,0,0,0,1
2016-12-27,3.2776,0.050788,13.75,0.3,0.0022935078437968937,0.028710053914382166,3.3708533333333337,0,0,0,1
2016-12-28,3.2774,0.050788,13.75,0.3,-6.102025872589678e-05,0.0221425910548854,3.36678,0,0,0,1
2016-12-29,3.2591,0.050788,13.75,0.3,-0.005583694391895988,0.006188819069988491,3.3618833333333336,0,0,0,1
2016-12-30,3.2591,0.050788,13.75,0.3,0.0,0.007563166101643965,3.357296666666666,0,0,0,1
2016-12-31,3.2637,0.050788,13.75,0.3,0.0014114326040930436,0.007804414705054171,3.3515466666666662,0,0,0,1
2017-01-01,3.2683,0.050788,13.75,0.38,0.0014094432699083281,0.0077659513261143665,3.3449900000000006,0,0,0,1
2017-01-02,3.2729,0.050788,13.75,0.38,0.0014074595355382247,0.007967642896924384,3.3386444444444447,0,0,0,1
2017-01-03,3.2632,0.050788,13.75,0.38,-0.0029637324696751843,0.006961766333034486,3.3320333333333334,0,0,0,1
2017-01-04,3.2333,0.050788,13.75,0.38,-0.009162784996322615,0.012739159724086475,3.3244833333333332,0,0,0,1
2017-01-05,3.2129,0.050788,13.75,0.38,-0.006309343395292766,0.021913151085040314,3.317066666666667,0,0,0,1
2017-01-06,3.2057,0.050788,13.75,0.38,-0.0022409661053875984,0.02801918560387481,3.31094,0,0,0,1
2017-01-07,3.2070333333333334,0.050788,13.75,0.38,0.0004159257988374243,0.030067836003018183,3.304481111111111,0,0,0,1
2017-01-08,3.208366666666667,0.050788,13.75,0.38,0.0004157528764903162,0.028359848470869007,3.2985666666666664,0,0,0,1
2017-01-09,3.2097,0.050788,13.75,0.38,0.0004155800978691282,0.021242972071570512,3.2928755555555553,0,0,0,1
2017-01-10,3.1918,0.050788,13.75,0.38,-0.005576845188023816,0.0123314176976348,3.2867666666666664,0,0,0,1
2017-01-11,3.2154,0.050788,13.75,0.38,0.007393946989159517,0.0076020082281073416,3.2816233333333336,0,0,0,1
2017-01-12,3.1661,0.048159,13.0,0.38,-0.015332462524102697,0.016818925155488714,3.2760266666666666,0,0,1,1
2017-01-13,3.2034,0.048159,13.0,0.38,0.011781055557310127,0.016724562932725406,3.2724633333333335,0,0,0,1
2017-01-14,3.2100666666666666,0.048159,13.0,0.38,0.0020811221410586,0.016966936412228874,3.266698888888889,0,0,0,1
2017-01-15,3.216733333333333,0.048159,13.0,0.38,0.002076800066457496,0.017868551487874335,3.26155,0,0,0,1
2017-01-16,3.2234,0.048159,13.0,0.38,0.0020724959068205706,0.01953927397609518,3.25655,0,0,0,1
2017-01-17,3.21,0.048159,13.0,0.38,-0.00415710119749324,0.01886910775614236,3.2510299999999996,0,0,0,1
2017-01-18,3.2211,0.048159,13.0,0.38,0.0034579439252335753,0.019434588431786037,3.2458066666666667,0,0,0,1
2017-01-19,3.2113,0.048159,13.0,0.38,-0.003042438918381851,0.0070331452618881485,3.2408966666666665,0,0,0,1
2017-01-20,3.1918,0.048159,13.0,0.38,-0.006072307165322366,0.010419687815840711,3.2363,0,0,0,1
2017-01-21,3.1815,0.048159,13.0,0.38,-0.0032270192367942485,0.015623791381816961,3.2313433333333332,0,0,0,1
2017-01-22,3.1712,0.048159,13.0,0.38,-0.0032374666038034183,0.02018346801102481,3.228063333333333,0,0,0,1
2017-01-23,3.1609,0.048159,13.0,0.38,-0.003247981836528746,0.022551338256133143,3.224434444444444,0,0,0,1
2017-01-24,3.1649,0.048159,13.0,0.38,0.0012654623683128197,0.023166714628240586,3.2209333333333334,0,0,0,1
2017-01-25,3.169,0.048159,13.0,0.38,0.0012954595721823559,0.017794274092411033,3.217563333333333,0,0,0,1
2017-01-26,3.1804,0.048159,13.0,0.38,0.0035973493215526453,0.010808153888423523,3.214323333333333,0,0,0,1
2017-01-27,3.1596,0.048159,13.0,0.38,-0.006540057854357961,0.008745828937794822,3.2103966666666666,0,0,0,1
2017-01-28,3.150266666666667,0.048159,13.0,0.38,-0.0029539604169304123,0.00961268176906338,3.2067688888888886,0,0,0,1
2017-01-29,3.1409333333333334,0.048159,13.0,0.38,-0.0029627121513523536,0.012749331344626318,3.20283,0,0,0,1
2017-01-30,3.1316,0.048159,13.0,0.38,-0.002971515897610022,0.01687507946286226,3.198426666666667,0,0,0,1
2017-01-31,3.127,0.048159,13.0,0.38,-0.001468897688082893,0.01964727588585876,3.1937166666666665,0,0,0,1
2017-02-01,3.1479,0.048159,13.0,0.33,0.006683722417652804,0.0180229145738152,3.1895499999999997,0,0,0,1
2017-02-02,3.1196,0.048159,13.0,0.33,-0.008990120397725399,0.014184455684599091,3.1847633333333336,0,0,0,1
2017-02-03,3.1241,0.048159,13.0,0.33,0.001442492627259817,0.012002528393228185,3.1811233333333333,0,0,0,1
2017-02-04,3.1220333333333334,0.048159,13.0,0.33,-0.00066152385220275,0.010460345882349455,3.1780944444444446,0,0,0,1
2017-02-05,3.1199666666666666,0.048159,13.0,0.33,-0.000661961755693441,0.009948305537543852,3.175236666666667,0,0,0,1
2017-02-06,3.1179,0.048159,13.0,0.33,-0.0006624002393187389,0.010337436461334578,3.1722655555555552,0,0,0,1
2017-02-07,3.1304,0.048159,13.0,0.33,0.004009108694954744,0.010498286582274256,3.1696666666666666,0,0,0,1
2017-02-08,3.1255,0.048159,13.0,0.33,-0.0015652951699461903,0.004274032580231854,3.1668600000000002,0,0,0,1
2017-02-09,3.1185,0.048159,13.0,0.33,-0.002239641657334812,0.004428126791074927,3.164416666666667,0,0,0,1
2017-02-10,3.1155,0.048159,13.0,0.33,-0.0009620009620010528,0.005094695861918746,3.161086666666667,0,0,0,1
2017-02-11,3.1161666666666665,0.048159,13.0,0.33,0.00021398384421966732,0.005443733351639931,3.1594222222222226,0,0,0,1
2017-02-12,3.1168333333333336,0.048159,13.0,0.33,0.000213938064930419,0.005626585608340846,3.1565366666666668,0,0,0,1
2017-02-13,3.1175,0.048159,13.0,0.33,0.00021389230522439462,0.005654782121893232,3.153451111111111,0,0,0,1
2017-02-14,3.1004,0.048159,13.0,0.33,-0.0054851643945469375,0.007557738946863118,3.1495733333333336,0,0,0,1
2017-02-15,3.0779,0.048159,13.0,0.33,-0.007257128112501565,0.015047904106184241,3.1447233333333333,0,0,0,1
2017-02-16,3.051,0.048159,13.0,0.33,-0.008739725137268839,0.02574760994711725,3.1394233333333337,0,0,0,1
2017-02-17,3.095,0.048159,13.0,0.33,0.014421501147164895,0.024748138725363522,3.13522,0,0,0,1
2017-02-18,3.0939333333333336,0.048159,13.0,0.33,-0.00034464189553040647,0.023164514002978146,3.131307777777778,0,0,0,1
2017-02-19,3.0928666666666667,0.048159,13.0,0.33,-0.0003447607145167231,0.02073736116644544,3.12801,0,0,0,1
2017-02-20,3.0918,0.048159,13.0,0.33,-0.00034487961545914825,0.01694394274561376,3.12502,0,0,0,1
2017-02-21,3.097,0.048159,13.0,0.33,0.0016818681674104496,0.016509825517666086,3.1225466666666666,0,0,0,1
2017-02-22,3.0824,0.048159,13.0,0.33,-0.004714239586696811,0.016243549798376923,3.1199300000000005,0,0,0,1
2017-02-23,3.0638,0.045513,12.25,0.33,-0.006034259018946164,0.011692144516113669,3.11656,0,0,1,1
2017-02-24,3.0993,0.045513,12.25,0.33,0.01158691820614921,0.012215449061194573,3.114236666666667,0,0,0,1
2017-02-25,3.09896,0.045513,12.25,0.33,-0.00010970219081729571,0.012710141182863899,3.1115220000000003,0,0,0,1
2017-02-26,3.09862,0.045513,12.25,0.33,-0.00010971422670835729,0.013146679464862076,3.1094893333333338,0,0,0,1
2017-02-27,3.09828,0.045513,12.25,0.33,-0.00010972626524063944,0.013495988116382661,3.107756444444445,0,0,0,1
2017-02-28,3.09794,0.045513,12.25,0.33,-0.00010973830641514137,0.0135678682046405,3.1063233333333335,0,0,0,1
2017-03-01,3.0976,0.045513,12.25,0.25,-0.00010975035023275126,0.013109335096263148,3.10519,0,0,0,1
2017-03-02,3.1138,0.045513,12.25,0.25,0.005229855371900793,0.0058307395593514425,3.10475,0,0,0,1
2017-03-03,3.1364,0.045513,12.25,0.25,0.007258012717579865,0.014629451703407377,3.1043666666666665,0,0,0,1
2017-03-04,3.1279666666666666,0.045513,12.25,0.25,-0.0026888577137270664,0.01633102840877964,3.104645555555556,0,0,0,1
2017-03-05,3.1195333333333335,0.045513,12.25,0.25,-0.002696107162267203,0.015787594956067193,3.104493333333333,0,0,0,1
2017-03-06,3.1111,0.045513,12.25,0.25,-0.0027033958070652453,0.014474327428134266,3.104128888888889,0,0,0,1
2017-03-07,3.1185,0.045513,12.25,0.25,0.0023785799234996574,0.01239443893048842,3.10408,0,0,0,1
2017-03-08,3.1477,0.045513,12.25,0.25,0.009363476030142648,0.013196183511105209,3.105073333333334,0,0,0,1
2017-03-09,3.1735,0.045513,12.25,0.25,0.008196460907964553,0.021457282529353566,3.10651,0,0,0,1
2017-03-10,3.1623,0.045513,12.25,0.25,-0.0035292264061761447,0.02410466704902836,3.107736666666667,0,0,0,1
2017-03-11,3.1595666666666666,0.045513,12.25,0.25,-0.0008643497876018591,0.025022543275159435,3.109105555555556,0,0,0,1
2017-03-12,3.1568333333333336,0.045513,12.25,0.25,-0.000865097534471948,0.023425306263623342,3.1104833333333333,0,0,0,1
2017-03-13,3.1541,0.045513,12.25,0.25,-0.0008658465762103607,0.017242312910307547,3.1117477777777776,0,0,0,1
2017-03-14,3.1639,0.045513,12.25,0.25,0.0031070669921688943,0.008148983122178882,3.113316666666667,0,0,0,1
2017-03-15,3.1629,0.045513,12.25,0.25,-0.0003160656152216834,0.006213826535338701,3.11483,0,0,0,1
2017-03-16,3.108,0.045513,12.25,0.25,-0.01735748838091622,0.01994026131131732,3.115083333333333,0,0,0,1
2017-03-17,3.1075,0.045513,12.25,0.25,-0.00016087516087526232,0.02545323858562828,3.11607,0,0,0,1
2017-03-18,3.1016,0.045513,12.25,0.25,-0.0018986323411102068,0.02898885116838915,3.1177566666666663,0,0,0,1
2017-03-19,3.0957,0.045513,12.25,0.25,-0.0019022440030951326,0.030950967366980078,3.11778,0,0,0,1
2017-03-20,3.0898,0.045513,12.25,0.25,-0.0019058694317924951,0.03133929527878489,3.1176422222222224,0,0,0,1
2017-03-21,3.0765,0.045513,12.25,0.25,-0.004304485727231522,0.027392213005391,3.117096666666667,0,0,0,1
2017-03-22,3.0939,0.045513,12.25,0.25,0.005655777669429707,0.011035224985269397,3.117166666666667,0,0,0,1
2017-03-23,3.1248,0.045513,12.25,0.25,0.009987394550567297,0.015116090449435841,3.1180933333333334,0,0,0,1
2017-03-24,3.1282,0.045513,12.25,0.25,0.001088069636456801,0.018748688843028022,3.11962,0,0,0,1
2017-03-25,3.1273333333333335,0.045513,12.25,0.25,-0.0002770496345075868,0.02114170631787124,3.1217377777777773,0,0,0,1
2017-03-26,3.1264666666666665,0.045513,12.25,0.25,-0.00027712641227894963,0.02202305549973398,3.1226433333333334,0,0,0,1
2017-03-27,3.1256,0.045513,12.25,0.25,-0.0002772032326161522,0.020788635224486613,3.1235313333333337,0,0,0,1
2017-03-28,3.1303,0.045513,12.25,0.25,0.001503711287432763,0.012683124229111642,3.124587333333333,0,0,0,1
2017-03-29,3.1229,0.045513,12.25,0.25,-0.0023639906718205816,0.0024043061015898114,3.1254079999999997,0,0,0,1
2017-03-30,3.1247,0.045513,12.25,0.25,0.0005763873322872648,0.0024164559293960875,3.1263,0,0,0,1
2017-03-31,3.1684,0.045513,12.25,0.25,0.013985342592889083,0.016108448603189177,3.1286599999999996,0,0,0,1
2017-04-01,3.1511666666666667,0.045513,12.25,0.14,-0.005439128056221931,0.01736736890392393,3.1299055555555553,0,0,0,1
2017-04-02,3.1339333333333332,0.045513,12.25,0.14,-0.005468873962024667,0.01693338645159499,3.1298233333333334,0,0,0,1
2017-04-03,3.1167,0.045513,12.25,0.14,-0.005498947010146971,0.018194165876927487,3.1294477777777776,0,0,0,1
2017-04-04,3.1231,0.045513,12.25,0.14,0.002053453973754449,0.018729021420931753,3.129566666666667,0,0,0,1
2017-04-05,3.0923,0.045513,12.25,0.14,-0.009861996093624925,0.02453543706472614,3.12894,0,0,0,1
2017-04-06,3.116,0.045513,12.25,0.14,0.007664198169647252,0.025065809678011114,3.1288566666666666,0,0,0,1
2017-04-07,3.1302,0.045513,12.25,0.14,0.0045571245186135645,0.018235067094944143,3.1282733333333335,0,0,0,1
2017-04-08,3.1337666666666664,0.045513,12.25,0.14,0.0011394373096500487,0.014642097025031608,3.1269488888888888,0,0,0,1
2017-04-09,3.1373333333333333,0.045513,12.25,0.14,0.0011381404699351005,0.015194147439114587,3.1261166666666664,0,0,0,1
2017-04-10,3.1409,0.045513,12.25,0.14,0.0011368465788355042,0.016645497667298444,3.125494444444444,0,0,0,1
2017-04-11,3.1424,0.045513,12.25,0.14,0.0004775701232131446,0.017870332483427284,3.1250133333333334,0,0,0,1
2017-04-12,3.1463,0.045513,12.25,0.14,0.001241089613034596,0.010064374804781255,3.1247533333333335,0,0,0,1
2017-04-13,3.1269,0.041957,11.25,0.14,-0.0061659727298731815,0.006945860173114242,3.1235199999999996,0,0,1,1
2017-04-14,3.1210750000000003,0.041957,11.25,0.14,-0.0018628673766348802,0.008961136512299522,3.1221258333333335,0,0,0,1
2017-04-15,3.11525,0.041957,11.25,0.14,-0.0018663441282250615,0.01183789608543785,3.1223675,0,0,0,1
2017-04-16,3.109425,0.041957,11.25,0.14,-0.001869833881711025,0.014490447387007936,3.1224316666666665,0,0,0,1
2017-04-17,3.1036,0.041957,11.25,0.14,-0.0018733367101633203,0.016107140349470243,3.1224983333333336,0,0,0,1
2017-04-18,3.0958,0.041957,11.25,0.14,-0.0025132104652662024,0.01664576218768424,3.1225016666666665,0,0,0,1
2017-04-19,3.1294,0.041957,11.25,0.14,0.010853414303249487,0.012341112813502522,3.1238216666666667,0,0,0,1
2017-04-20,3.1453,0.041957,11.25,0.14,0.0050808461685947215,0.016636283317449947,3.126115,0,0,0,1
2017-04-21,3.14025,0.041957,11.25,0.14,-0.0016055702158777052,0.018829807139325288,3.1276599999999997,0,0,0,1
2017-04-22,3.1352,0.041957,11.25,0.14,-0.0016081522171801366,0.019513018395527538,3.128006666666667,0,0,0,1
2017-04-23,3.1301500000000004,0.041957,11.25,0.14,-0.001610742536361287,0.018717279386131182,3.1280716666666666,0,0,0,1
2017-04-24,3.1251,0.041957,11.25,0.14,-0.001613341213679953,0.016068406594172413,3.127997222222222,0,0,0,1
2017-04-25,3.1577,0.041957,11.25,0.14,0.01043166618668212,0.011218092317215609,3.1290383333333334,0,0,0,1
2017-04-26,3.1847,0.041957,11.25,0.14,0.008550527282515707,0.02029348652246786,3.1310083333333334,0,0,0,1
2017-04-27,3.1763,0.041957,11.25,0.14,-0.002637611077966562,0.023392141028650174,3.132541666666667,0,0,0,1
2017-04-28,3.1984,0.041957,11.25,0.14,0.0069577810660201855,0.02903319733716144,3.1350583333333333,0,0,0,1
2017-04-29,3.1919,0.041957,11.25,0.14,-0.002032266133066507,0.029446418247701566,3.1372983333333333,0,0,0,1
2017-04-30,3.1854,0.041957,11.25,0.14,-0.002036404649268464,0.02523915137052555,3.137865,0,0,0,1
2017-05-01,3.1789,0.041957,11.25,0.31,-0.0020405600552521053,0.013027790807841739,3.1387894444444444,0,0,0,1
2017-05-02,3.1724,0.041957,11.25,0.31,-0.0020447324546226664,0.009056121318361877,3.1400716666666666,0,0,0,1
2017-05-03,3.1489,0.041957,11.25,0.31,-0.007407640902786672,0.016023464936491892,3.141145,0,0,0,1
2017-05-04,3.178,0.041957,11.25,0.31,0.009241322366540627,0.015990592472407146,3.1429750000000003,0,0,0,1
2017-05-05,3.1764,0.041957,11.25,0.31,-0.000503461296412766,0.013546885075088399,3.1457783333333333,0,0,0,1
2017-05-06,3.1822,0.041957,11.25,0.31,0.0018259665029591865,0.012062476252117205,3.147985,0,0,0,1
2017-05-07,3.188,0.041957,11.25,0.31,0.0018226384262460815,0.01248315054858376,3.1499116666666667,0,0,0,1
2017-05-08,3.1938,0.041957,11.25,0.31,0.0018193224592220059,0.014389463737965591,3.151912777777778,0,0,0,1
2017-05-09,3.1857,0.041957,11.25,0.31,-0.0025361638173961865,0.014542695761087826,3.153525,0,0,0,1
2017-05-10,3.1606,0.041957,11.25,0.31,-0.007878959098471361,0.010660943405031001,3.1541816666666667,0,0,0,1
2017-05-11,3.1559,0.041957,11.25,0.31,-0.0014870594190976583,0.014251599743104438,3.154631666666667,0,0,0,1
2017-05-12,3.129,0.041957,11.25,0.31,-0.008523717481542459,0.02327400962037008,3.154055,0,0,0,1
2017-05-13,3.1197,0.041957,11.25,0.31,-0.0029721955896452323,0.029343223440929538,3.1538150000000003,0,0,0,1
2017-05-14,3.1104000000000003,0.041957,11.25,0.31,-0.002981055870756699,0.03231004561461646,3.1534591666666665,0,0,0,1
2017-05-15,3.1011,0.041957,11.25,0.31,-0.002989969135802517,0.03066993253830719,3.1529875,0,0,0,1
2017-05-16,3.0924,0.041957,11.25,0.31,-0.002805456128470607,0.02616746434937376,3.1524199999999998,0,0,0,1
2017-05-17,3.1076,0.041957,11.25,0.31,0.004915276160910587,0.02102850672866852,3.152553333333333,0,0,0,1
2017-05-18,3.3807,0.041957,11.25,0.31,0.0878813232076201,0.10299242690605723,3.16205,1,0,0,1
2017-05-19,3.2878,0.041957,11.25,0.31,-0.0274795160765523,0.11474817977599593,3.16733,0,0,0,1
2017-05-20,3.2873,0.041957,11.25,0.31,-0.00015207737696931733,0.1195510729672409,3.1720633333333335,0,0,0,1
2017-05-21,3.2868,0.041957,11.25,0.31,-0.00015210050801572894,0.1172345471591824,3.1769483333333337,0,0,0,1
2017-05-22,3.2863,0.041957,11.25,0.31,-0.00015212364609951123,0.10616533377349512,3.1819849999999996,0,0,0,1
2017-05-23,3.2654,0.041957,11.25,0.31,-0.006359735873170513,0.08143836114919187,3.186493333333333,0,0,0,1
2017-05-24,3.2629,0.041957,11.25,0.31,-0.0007656029889140381,0.03978364105053273,3.1910866666666666,0,0,0,1
2017-05-25,3.2824,0.041957,11.25,0.31,0.005976278770418952,0.010887432685244822,3.195243333333333,0,0,0,1
2017-05-26,3.2614,0.041957,11.25,0.31,-0.006397757738240251,0.012168773464018356,3.1978,0,0,0,1
2017-05-27,3.2645666666666666,0.041957,11.25,0.31,0.0009709531693955498,0.011697035304733734,3.2007422222222224,0,0,0,1
2017-05-28,3.2677333333333336,0.041957,11.25,0.31,0.0009700113338166894,0.009996406761817166,3.2030533333333335,0,0,0,1
2017-05-29,3.2709,0.041957,11.25,0.31,0.0009690713236494286,0.007116751235480014,3.205686666666667,0,0,0,1
2017-05-30,3.2659,0.041957,11.25,0.31,-0.0015286312635667265,0.0070899362315012485,3.20837,0,0,0,1
2017-05-31,3.2437,0.041957,11.25,0.31,-0.00679751370219539,0.011635600361251585,3.21053,0,0,0,1
2017-06-01,3.2307,0.03837,10.25,-0.23,-0.004007768905879061,0.014876413275962817,3.2124733333333335,0,0,1,1
2017-06-02,3.2401,0.03837,10.25,-0.23,0.0029095861577985715,0.016151310003042818,3.2155133333333334,0,0,0,1
2017-06-03,3.2540666666666667,0.03837,10.25,-0.23,0.00431056654629991,0.015570211349916237,3.2180488888888887,0,0,0,1
2017-06-04,3.2680333333333333,0.03837,10.25,-0.23,0.004292065313146631,0.015616903404876693,3.221103333333333,0,0,0,1
2017-06-05,3.282,0.03837,10.25,-0.23,0.004273722218255616,0.01806794202725102,3.22443,0,0,0,1
2017-06-06,3.2817,0.03837,10.25,-0.23,-9.140767824500351e-05,0.020491369973376954,3.2275533333333333,0,0,0,1
2017-06-07,3.2747,0.03837,10.25,-0.23,-0.002133040802023256,0.02044088003778565,3.23025,0,0,0,1
2017-06-08,3.2838,0.03837,10.25,-0.23,0.0027788805081381263,0.01653626766074215,3.23352,0,0,0,1
2017-06-09,3.274,0.03837,10.25,-0.23,-0.002984347402399612,0.010430292675210827,3.2373,0,0,0,1
2017-06-10,3.2822,0.03837,10.25,-0.23,0.002504581551618701,0.0058760476944526106,3.24151,0,0,0,1
2017-06-11,3.2904,0.03837,10.25,-0.23,0.002498324294680332,0.005588039949367834,3.24689,0,0,0,1
2017-06-12,3.2986,0.03837,10.25,-0.23,0.0024920982251397383,0.008643053913514534,3.2528533333333334,0,0,0,1
2017-06-13,3.3208,0.03837,10.25,-0.23,0.006730127933062491,0.01636973106796908,3.259866666666667,0,0,0,1
2017-06-14,3.2836,0.03837,10.25,-0.23,-0.01120211997109144,0.015369605131697424,3.2659499999999997,0,0,0,1
2017-06-15,3.2864,0.03837,10.25,-0.23,0.0008527226215129247,0.01521171227954722,3.2724166666666665,0,0,0,1
2017-06-16,3.2892,0.03837,10.25,-0.23,0.000851996105160735,0.013378803420034167,3.27847,0,0,0,1
2017-06-17,3.2919666666666667,0.03837,10.25,-0.23,0.0008411366492357963,0.01254456816617164,3.275512222222223,0,0,0,1
2017-06-18,3.2947333333333333,0.03837,10.25,-0.23,0.0008404297329862587,0.012419201296625186,3.2757433333333332,0,0,0,1
2017-06-19,3.2975,0.03837,10.25,-0.23,0.0008397240039659248,0.012373565867391191,3.2760833333333332,0,0,0,1
2017-06-20,3.3145,0.03837,10.25,-0.23,0.005155420773313102,0.01021543598064545,3.2770066666666664,0,0,0,1
2017-06-21,3.3247,0.03837,10.25,-0.23,0.0030773872378941913,0.01426136602314423,3.278286666666667,0,0,0,1
2017-06-22,3.3362,0.03837,10.25,-0.23,0.0034589587030409152,0.018283583291820837,3.280646666666667,0,0,0,1
2017-06-23,3.3342,0.03837,10.25,-0.23,-0.0005994844433786506,0.01889454163781796,3.2830233333333334,0,0,0,1
2017-06-24,3.3270666666666666,0.03837,10.25,-0.23,-0.002139443744626379,0.016799855126597513,3.2845122222222227,0,0,0,1
2017-06-25,3.3199333333333336,0.03837,10.25,-0.23,-0.0021440307778622936,0.01319223757649411,3.286463333333333,0,0,0,1
2017-06-26,3.3128,0.03837,10.25,-0.23,-0.0021486375228418897,0.009080402177394583,3.288071111111111,0,0,0,1
2017-06-27,3.3172,0.03837,10.25,-0.23,0.0013281815986476708,0.008646683310649198,3.2897200000000004,0,0,0,1
2017-06-28,3.303,0.03837,10.25,-0.23,-0.004280718678403517,0.011883116830528626,3.29079,0,0,0,1
2017-06-29,3.2952,0.03837,10.25,-0.23,-0.0023614895549500803,0.01342594818460175,3.2917666666666667,0,0,0,1
2017-06-30,3.3082,0.03837,10.25,-0.23,0.003945132313668331,0.010764531214811785,3.2939166666666666,0,0,0,1
2017-07-01,3.3059666666666665,0.03837,10.25,0.24,-0.0006750901799568165,0.008538431636684678,3.296425555555556,0,0,0,1
2017-07-02,3.303733333333333,0.03837,10.25,0.24,-0.0006755462345859886,0.007128551282396918,3.2985466666666667,0,0,0,1
2017-07-03,3.3015,0.03837,10.25,0.24,-0.0006760029058034966,0.006756517527546715,3.3001277777777775,0,0,0,1
2017-07-04,3.305,0.03837,10.25,0.24,0.00106012418597623,0.004145342257688205,3.30136,0,0,0,1
2017-07-05,3.3193,0.03837,10.25,0.24,0.004326777609682253,0.007341503385355784,3.3026033333333333,0,0,0,1
2017-07-06,3.3064,0.03837,10.25,0.24,-0.0038863615822614106,0.005757690968654579,3.3034266666666667,0,0,0,1
2017-07-07,3.2895,0.03837,10.25,0.24,-0.0051112992983305405,0.008752499265110635,3.30392,0,0,0,1
2017-07-08,3.2813333333333334,0.03837,10.25,0.24,-0.0024826468054921502,0.012293569532538814,3.303837777777778,0,0,0,1
2017-07-09,3.2731666666666666,0.03837,10.25,0.24,-0.002488825680617701,0.01601302710409714,3.30381,0,0,0,1
2017-07-10,3.265,0.03837,10.25,0.24,-0.002495035388767164,0.019675411023440097,3.3032366666666664,0,0,0,1
2017-07-11,3.2522,0.03837,10.25,0.24,-0.003920367534456348,0.023361789903873654,3.301963333333333,0,0,0,1
2017-07-12,3.2264,0.03837,10.25,0.24,-0.007933091445790574,0.02609021690191405,3.2995566666666667,0,0,0,1
2017-07-13,3.2108,0.03837,10.25,0.24,-0.004835110339697524,0.029061746889590668,3.29589,0,0,0,1
2017-07-14,3.1899,0.03837,10.25,0.24,-0.006509281176030779,0.03434974719375138,3.2927666666666666,0,0,0,1
2017-07-15,3.1873,0.03837,10.25,0.24,-0.0008150725728079955,0.03509555663096959,3.2894633333333334,0,0,0,1
2017-07-16,3.1847000000000003,0.03837,10.25,0.24,-0.0008157374580365362,0.032477142144964964,3.28598,0,0,0,1
2017-07-17,3.1821,0.03837,10.25,0.24,-0.0008164034288944411,0.026447666203628373,3.2823177777777777,0,0,0,1
2017-07-18,3.1668,0.03837,10.25,0.24,-0.0048081455642501325,0.01977942654085837,3.2780533333333333,0,0,0,1
2017-07-19,3.1533,0.03837,10.25,0.24,-0.004262978400909279,0.018174406389715778,3.2732466666666666,0,0,0,1
2017-07-20,3.1402,0.03837,10.25,0.24,-0.00415437795325535,0.01917358053352787,3.267436666666667,0,0,0,1
2017-07-21,3.1256,0.03837,10.25,0.24,-0.004649385389465688,0.023990196410388222,3.2608,0,0,0,1
2017-07-22,3.1323666666666665,0.03837,10.25,0.24,0.0021649176691407312,0.023644228128847717,3.2540055555555556,0,0,0,1
2017-07-23,3.1391333333333336,0.03837,10.25,0.24,0.0021602409253920207,0.020117193678068874,3.2475033333333334,0,0,0,1
2017-07-24,3.1459,0.03837,10.25,0.24,0.002155584343874084,0.013655299182611635,3.2414644444444445,0,0,0,1
2017-07-25,3.1556,0.03837,10.25,0.24,0.0030833783654915514,0.010805578610142278,3.2359866666666672,0,0,0,1
2017-07-26,3.1657,0.03837,10.25,0.24,0.0032006591456459343,0.013658507049244225,3.2310833333333333,0,0,0,1
2017-07-27,3.1513,0.034749,9.25,0.24,-0.004548756988975611,0.01385446655002226,3.225553333333333,0,0,1,1
2017-07-28,3.1457,0.034749,9.25,0.24,-0.00177704439437687,0.010913646134867951,3.22031,0,0,0,1
2017-07-29,3.1407000000000003,0.034749,9.25,0.24,-0.0015894713418316275,0.009258586748034247,3.21516,0,0,0,1
2017-07-30,3.1357,0.034749,9.25,0.24,-0.0015920017830420852,0.009943147915808043,3.20941,0,0,0,1
2017-07-31,3.1307,0.034749,9.25,0.24,-0.0015945402940331643,0.012076482458517111,3.203567777777778,0,0,0,1
2017-08-01,3.1161,0.034749,9.25,0.19,-0.004663493787331996,0.015771161143332345,3.1973133333333337,0,0,0,1
2017-08-02,3.1268,0.034749,9.25,0.19,0.003433779403741788,0.01194102571965722,3.19149,0,0,0,1
2017-08-03,3.1194,0.034749,9.25,0.19,-0.0023666368171931795,0.010847843762016652,3.185303333333333,0,0,0,1
2017-08-04,3.1224,0.034749,9.25,0.19,0.0009617234083476589,0.00888556882437673,3.17874,0,0,0,1
2017-08-05,3.1238333333333332,0.034749,9.25,0.19,0.0004590485950977108,0.006694655532423556,3.1726544444444444,0,0,0,1
2017-08-06,3.1252666666666666,0.034749,9.25,0.19,0.0004588379661740749,0.004808711230995077,3.16718,0,0,0,1
2017-08-07,3.1267,0.034749,9.25,0.19,0.00045862753045078364,0.003976105882495065,3.162025555555556,0,0,0,1
2017-08-08,3.132,0.034749,9.25,0.19,0.0016950778776345654,0.003966573294810147,3.15732,0,0,0,1
2017-08-09,3.1464,0.034749,9.25,0.19,0.0045977011494251485,0.009003723509550692,3.1533666666666664,0,0,0,1
2017-08-10,3.1543,0.034749,9.25,0.19,0.0025108060005085697,0.012450775033755973,3.1501033333333335,0,0,0,1
2017-08-11,3.1695,0.034749,9.25,0.19,0.004818818755349952,0.017485473940994662,3.148206666666667,0,0,0,1
2017-08-12,3.1759333333333335,0.034749,9.25,0.19,0.002029762843771321,0.0204380882113483,3.1470444444444445,0,0,0,1
2017-08-13,3.182366666666667,0.034749,9.25,0.19,0.0020256512521252823,0.021606470714093426,3.1467933333333336,0,0,0,1
2017-08-14,3.1888,0.034749,9.25,0.19,0.002021556284107273,0.020626186674200506,3.1468433333333334,0,0,0,1
2017-08-15,3.1976,0.034749,9.25,0.19,0.0027596588058202975,0.01834151044190163,3.147273333333333,0,0,0,1
2017-08-16,3.167,0.034749,9.25,0.19,-0.009569677257943554,0.014510507048831646,3.1467699999999996,0,0,0,1
2017-08-17,3.1603,0.034749,9.25,0.19,-0.002115566782443956,0.013088073653408654,3.1465533333333338,0,0,0,1
2017-08-18,3.1654,0.034749,9.25,0.19,0.0016137708445400634,0.01358076565465196,3.1469566666666666,0,0,0,1
2017-08-19,3.1583666666666668,0.034749,9.25,0.19,-0.0022219414081421363,0.015278372859963007,3.1475622222222217,0,0,0,1
2017-08-20,3.151333333333333,0.034749,9.25,0.19,-0.0022268894259692695,0.016946106605940578,3.14842,0,0,0,1
2017-08-21,3.1443,0.034749,9.25,0.19,-0.0022318595303575384,0.016989816433182238,3.148817777777778,0,0,0,1
2017-08-22,3.1539,0.034749,9.25,0.19,0.003053143783990242,0.008020423665028855,3.14931,0,0,0,1
2017-08-23,3.1569,0.034749,9.25,0.19,0.0009512032721390451,0.006782544511631953,3.1496766666666667,0,0,0,1
2017-08-24,3.1404,0.034749,9.25,0.19,-0.005226646393613921,0.00852238260642885,3.14917,0,0,0,1
2017-08-25,3.1462,0.034749,9.25,0.19,0.0018468984842694436,0.006750418368331002,3.1485199999999995,0,0,0,1
2017-08-26,3.1495666666666664,0.034749,9.25,0.19,0.0010700739516453783,0.005716244373257696,3.1484622222222223,0,0,0,1
2017-08-27,3.1529333333333334,0.034749,9.25,0.19,0.0010689301173707477,0.0058579932276706945,3.148703333333333,0,0,0,1
2017-08-28,3.1563,0.034749,9.25,0.19,0.0010677887258425667,0.005949941087200074,3.149223333333333,0,0,0,1
2017-08-29,3.1695,0.034749,9.25,0.19,0.004182111966543278,0.009265084939770164,3.1503500000000004,0,0,0,1
2017-08-30,3.1638,0.034749,9.25,0.19,-0.0017983909133932885,0.010067292107102577,3.1514533333333334,0,0,0,1
2017-08-31,3.1471,0.034749,9.25,0.19,-0.005278462608255929,0.008784449945552771,3.1524866666666664,0,0,0,1
2017-09-01,3.1333,0.034749,9.25,0.16,-0.004384989355279423,0.011790891920227569,3.1527033333333336,0,0,0,1
2017-09-02,3.1351666666666667,0.034749,9.25,0.16,0.0005957510186278547,0.01364392028875545,3.153228888888889,0,0,0,1
2017-09-03,3.1370333333333336,0.034749,9.25,0.16,0.0005953963106692939,0.014589669825181551,3.1537166666666665,0,0,0,1
2017-09-04,3.1389,0.034749,9.25,0.16,0.0005950420248428401,0.014598186087195248,3.1542188888888893,0,0,0,1
2017-09-05,3.1203,0.034749,9.25,0.16,-0.0059256427410876444,0.013419118872790512,3.154053333333333,0,0,0,1
2017-09-06,3.1133,0.034749,9.25,0.16,-0.0022433740345478848,0.011540359360921532,3.1536066666666667,0,0,0,1
2017-09-07,3.10205,0.034749,9.25,0.16,-0.0036135290527735675,0.014096698833014712,3.1526083333333337,0,0,0,1
2017-09-08,3.0908,0.031096,8.25,0.16,-0.0036266340000966624,0.018691964504468805,3.1507549999999998,0,0,1,0
2017-09-09,3.0889333333333333,0.031096,8.25,0.16,-0.0006039428842586902,0.0203867756570869,3.1485761111111112,0,0,0,0
2017-09-10,3.087066666666667,0.031096,8.25,0.16,-0.000604307851685526,0.01930679657993895,3.1458283333333332,0,0,0,0
2017-09-11,3.0852,0.031096,8.25,0.16,-0.0006046732604846339,0.01393326830315478,3.142803888888889,0,0,0,0
2017-09-12,3.1144,0.031096,8.25,0.16,0.009464540386360687,0.01247861080058427,3.140538333333333,0,0,0,0
2017-09-13,3.1343,0.031096,8.25,0.16,0.006389673773439686,0.018167711124752694,3.1387216666666666,0,0,0,0
2017-09-14,3.1354,0.031096,8.25,0.16,0.0003509555562646316,0.022525020773482222,3.1366483333333335,0,0,0,0
2017-09-15,3.1255,0.031096,8.25,0.16,-0.0031574918670663754,0.022656679639223062,3.135265,0,0,0,0
2017-09-16,3.124966666666667,0.031096,8.25,0.16,-0.00017063936436834126,0.021080897343412317,3.134087222222222,0,0,0,0
2017-09-17,3.124433333333333,0.031096,8.25,0.16,-0.00017066848713065408,0.017108001160362412,3.132721666666667,0,0,0,0
2017-09-18,3.1239,0.031096,8.25,0.16,-0.00017069761983501408,0.007069612294084784,3.131572777777778,0,0,0,0
2017-09-19,3.1323,0.031096,8.25,0.16,0.002688946509171286,0.005076593241638896,3.1309383333333334,0,0,0,0
2017-09-20,3.1281,0.031096,8.25,0.16,-0.0013408677329758145,0.004434001620390482,3.1303983333333334,0,0,0,0
2017-09-21,3.1347,0.031096,8.25,0.16,0.002109906972283637,0.004237574428407294,3.1297583333333336,0,0,0,0
2017-09-22,3.1285,0.031096,8.25,0.16,-0.0019778607203241316,0.004128286729625908,3.1288116666666665,0,0,0,0
2017-09-23,3.1327333333333334,0.031096,8.25,0.16,0.0013531511373927607,0.004180219229117801,3.128556111111111,0,0,0,0
2017-09-24,3.1369666666666665,0.031096,8.25,0.16,0.0013513225936880868,0.004454395605566617,3.1282483333333335,0,0,0,0
2017-09-25,3.1412,0.031096,8.25,0.16,0.0013494989852194106,0.004635650899119647,3.1279694444444446,0,0,0,0
2017-09-26,3.1674,0.031096,8.25,0.16,0.008340761492423354,0.013544396916435157,3.1284516666666664,0,0,0,0
2017-09-27,3.1932,0.031096,8.25,0.16,0.008145482098882217,0.023725317444239533,3.129681666666666,0,0,0,0
2017-09-28,3.1871,0.031096,8.25,0.16,-0.0019103094074909288,0.02694585792396492,3.130268333333333,0,0,0,0
2017-09-29,3.168,0.031096,8.25,0.16,-0.005992908914059791,0.024415270830664308,3.1304083333333335,0,0,0,0
2017-09-30,3.1667333333333336,0.031096,8.25,0.16,-0.0003998316498315946,0.021012862022333014,3.131062777777778,0,0,0,0
2017-10-01,3.1654666666666667,0.031096,8.25,0.42,-0.0003999915791247366,0.016842191602895597,3.132135,0,0,0,0
2017-10-02,3.1642,0.031096,8.25,0.42,-0.0004001516364094959,0.01180747902161121,3.133102777777778,0,0,0,0
2017-10-03,3.1502,0.031096,8.25,0.42,-0.004424499083496736,0.014652202463666232,3.133541666666667,0,0,0,0
2017-10-04,3.1315,0.031096,8.25,0.42,-0.00593613103929902,0.017198211116499766,3.1332949999999995,0,0,0,0
2017-10-05,3.1347,0.031096,8.25,0.42,0.001021874501037967,0.01573595787899805,3.133775,0,0,0,0
2017-10-06,3.1648,0.031096,8.25,0.42,0.009602194787379892,0.015315892427338038,3.135491666666667,0,0,0,0
2017-10-07,3.1688666666666667,0.031096,8.25,0.42,0.001284967981125762,0.015630808338387318,3.1377188888888887,0,0,0,0
2017-10-08,3.1729333333333334,0.031096,8.25,0.42,0.0012833189573560055,0.01673946166155912,3.1404566666666667,0,0,0,0
2017-10-09,3.177,0.031096,8.25,0.42,0.001281674160608537,0.018480467308942785,3.1433922222222224,0,0,0,0
2017-10-10,3.1688,0.031096,8.25,0.42,-0.0025810513062637375,0.018652206700925426,3.146116666666667,0,0,0,0
2017-10-11,3.1639,0.031096,8.25,0.42,-0.0015463266851805102,0.013864722467462696,3.1487400000000005,0,0,0,0
2017-10-12,3.1605499999999997,0.031096,8.25,0.42,-0.0010588198109928726,0.005615130966098151,3.1502783333333335,0,0,0,0
2017-10-13,3.1572,0.031096,8.25,0.42,-0.001059942098685318,0.006942291412217413,3.1510416666666665,0,0,0,0
2017-10-14,3.1583666666666668,0.031096,8.25,0.42,0.00036952574010729045,0.007585319816514842,3.151807222222222,0,0,0,0
2017-10-15,3.159533333333333,0.031096,8.25,0.42,0.0003693892412743871,0.00708137040957057,3.1529416666666665,0,0,0,0
2017-10-16,3.1607,0.031096,8.25,0.42,0.0003692528432468478,0.003925720706827574,3.1541327777777775,0,0,0,0
2017-10-17,3.1769,0.031096,8.25,0.42,0.005125446894675312,0.0067121848846078925,3.1558816666666667,0,0,0,0
2017-10-18,3.1673,0.031096,8.25,0.42,-0.0030218137177751014,0.00695328611736359,3.157328333333333,0,0,0,0
2017-10-19,3.1732,0.031096,8.25,0.42,0.0018627853376693704,0.007819768734944698,3.158691666666667,0,0,0,0
2017-10-20,3.1833,0.031096,8.25,0.42,0.0031829068448254727,0.009635436690201456,3.160531666666666,0,0,0,0
2017-10-21,3.1889666666666665,0.031096,8.25,0.42,0.00178012335207689,0.011114800181201182,3.1623405555555553,0,0,0,0
2017-10-22,3.1946333333333334,0.031096,8.25,0.42,0.0017769601438293314,0.01199244691745749,3.1645449999999995,0,0,0,0
2017-10-23,3.2003,0.031096,8.25,0.42,0.0017738081574305564,0.011889800439730303,3.1667972222222223,0,0,0,0
2017-10-24,3.247,0.031096,8.25,0.42,0.014592381964190881,0.026245284786876308,3.1704649999999996,0,0,0,0
2017-10-25,3.2387,0.031096,8.25,0.42,-0.002556205728364569,0.028157680542691292,3.173715,0,0,0,0
2017-10-26,3.2444,0.028333,7.5,0.42,0.0017599654182234303,0.028151659381379573,3.1762816666666667,0,0,1,0
2017-10-27,3.2801,0.028333,7.5,0.42,0.011003575391443698,0.033819545239564264,3.179178333333333,0,0,0,0
2017-10-28,3.2716333333333334,0.028333,7.5,0.42,-0.002581222117211901,0.03243315877861842,3.1819961111111112,0,0,0,0
2017-10-29,3.2631666666666668,0.028333,7.5,0.42,-0.002587902067265113,0.02640188284931012,3.185168333333333,0,0,0,0
2017-10-30,3.2547,0.028333,7.5,0.42,-0.002594616681137918,0.0151912377278145,3.1881005555555553,0,0,0,0
2017-10-31,3.2769,0.028333,7.5,0.42,0.006820905152548518,0.016056963743353005,3.191815,0,0,0,0
2017-11-01,3.2736,0.028333,7.5,0.28,-0.001007049345417843,0.012964691570280238,3.1954616666666666,0,0,0,0
2017-11-02,3.2828,0.028333,7.5,0.28,0.0028103616813293097,0.009883482559932745,3.1998816666666667,0,0,0,0
2017-11-03,3.292,0.028333,7.5,0.28,0.002802485682953604,0.012274630782464574,3.205231666666667,0,0,0,0
2017-11-04,3.2897,0.028333,7.5,0.28,-0.0006986634264884994,0.013630707629299956,3.210398333333333,0,0,0,0
2017-11-05,3.2874,0.028333,7.5,0.28,-0.0006991518983493483,0.012846196398312889,3.2144850000000003,0,0,0,0
2017-11-06,3.2851,0.028333,7.5,0.28,-0.0006996410537202236,0.006698685016601757,3.2183594444444448,0,0,0,0
2017-11-07,3.2733,0.028333,7.5,0.28,-0.003591975891144905,0.0074268496172575785,3.221705,0,0,0,0
2017-11-08,3.2509,0.028333,7.5,0.28,-0.006843246876241049,0.014248943152095347,3.224168333333333,0,0,0,0
2017-11-09,3.2515,0.028333,7.5,0.28,0.00018456427450863622,0.017764102379028285,3.226925,0,0,0,0
2017-11-10,3.2661,0.028333,7.5,0.28,0.004490235276026322,0.016452051543782212,3.2303316666666664,0,0,0,0
2017-11-11,3.2731666666666666,0.028333,7.5,0.28,0.0021636406315381773,0.014566176302062214,3.234085555555555,0,0,0,0
2017-11-12,3.2802333333333333,0.028333,7.5,0.28,0.002158969397627164,0.013307125035816107,3.2381866666666665,0,0,0,0
2017-11-13,3.2873,0.028333,7.5,0.28,0.002154318290365609,0.013778988682040427,3.2424844444444445,0,0,0,0
2017-11-14,3.2834,0.028333,7.5,0.28,-0.0011863839625224637,0.01480373362026609,3.2466133333333334,0,0,0,0
2017-11-15,3.2821,0.028333,7.5,0.28,-0.00039593104708535165,0.012478402505921667,3.2506600000000003,0,0,0,0
2017-11-16,3.2808,0.028333,7.5,0.28,-0.0003960878705705495,0.007107008985419749,3.2541233333333333,0,0,0,0
2017-11-17,3.2788,0.028333,7.5,0.28,-0.0006096074128262297,0.004345173080532805,3.2578400000000003,0,0,0,0
2017-11-18,3.2733,0.028333,7.5,0.28,-0.0016774429669391688,0.004306104931582349,3.261176666666666,0,0,0,0
2017-11-19,3.2678000000000003,0.028333,7.5,0.28,-0.00168026150979117,0.006570569301943352,3.263993333333333,0,0,0,0
2017-11-20,3.2623,0.028333,7.5,0.28,-0.0016830895403635582,0.007992913527990248,3.2664377777777776,0,0,0,0
2017-11-21,3.2591,0.028333,7.5,0.28,-0.0009809030438647781,0.009178909573127357,3.2685866666666668,0,0,0,0
2017-11-22,3.2561,0.028333,7.5,0.28,-0.0009204995244086467,0.009671509460129341,3.270446666666667,0,0,0,0
2017-11-23,3.2371,0.028333,7.5,0.28,-0.005835201621571806,0.013582183708263005,3.2701166666666666,0,0,0,0
2017-11-24,3.23,0.028333,7.5,0.28,-0.002193321182539898,0.015892241293557118,3.2698266666666664,0,0,0,0
2017-11-25,3.2272666666666665,0.028333,7.5,0.28,-0.000846233230134219,0.016613801873675307,3.2692555555555556,0,0,0,0
2017-11-26,3.2245333333333335,0.028333,7.5,0.28,-0.0008469499473237052,0.016292394434258225,3.267403333333333,0,0,0,0
2017-11-27,3.2218,0.028333,7.5,0.28,-0.0008476678795898973,0.015177025940593813,3.2657422222222223,0,0,0,0
2017-11-28,3.2232,0.028333,7.5,0.28,0.000434539698305203,0.012028922376685484,3.26441,0,0,0,0
2017-11-29,3.2136,0.028333,7.5,0.28,-0.0029784065524943726,0.007295120497164275,3.2630400000000006,0,0,0,0
2017-11-30,3.2616,0.028333,7.5,0.28,0.014936519790888836,0.015325429294742066,3.2625299999999995,0,0,0,0
2017-12-01,3.2636,0.028333,7.5,0.44,0.0006131959774342555,0.02022248211936714,3.262196666666667,0,0,0,0
2017-12-02,3.2592666666666665,0.028333,7.5,0.44,-0.0013277770968664893,0.022069649249336677,3.261412222222222,0,0,0,0
2017-12-03,3.2549333333333332,0.028333,7.5,0.44,-0.0013295424328580996,0.0219160640269457,3.2601766666666663,0,0,0,0
2017-12-04,3.2506,0.028333,7.5,0.44,-0.0013313124692774236,0.01998498378080131,3.2588733333333333,0,0,0,0
2017-12-05,3.2322,0.028333,7.5,0.44,-0.005660493447363524,0.018453017705328662,3.2570333333333332,0,0,0,0
2017-12-06,3.2354,0.028333,7.5,0.44,0.0009900377451890208,0.012595220391834505,3.2553766666666664,0,0,0,0
2017-12-07,3.2892,0.026481,7.0,0.44,0.016628546702108116,0.019083863928281587,3.2559066666666667,0,0,1,0
2017-12-08,3.2811,0.026481,7.0,0.44,-0.0024626048887268492,0.021399622950724263,3.2569133333333338,0,0,0,0
2017-12-09,3.282233333333333,0.026481,7.0,0.44,0.00034541261568787895,0.02337953136339102,3.2579377777777774,0,0,0,0
2017-12-10,3.2833666666666668,0.026481,7.0,0.44,0.00034529334700983405,0.024625246218506043,3.258513333333333,0,0,0,0
2017-12-11,3.2845,0.026481,7.0,0.44,0.00034517416066837114,0.024684174395911185,3.258891111111111,0,0,0,0
2017-12-12,3.3149,0.026481,7.0,0.44,0.009255594458821736,0.023499065612389163,3.2600466666666668,0,0,0,0
2017-12-13,3.3036,0.026481,7.0,0.44,-0.0034088509457299576,0.012961973280408467,3.26059,0,0,0,0
2017-12-14,3.3332,0.026481,7.0,0.44,0.008959922508778417,0.020351983380311994,3.2622500000000003,0,0,0,0
2017-12-15,3.3182,0.026481,7.0,0.44,-0.004500180007200316,0.020182002564475356,3.263453333333333,0,0,0,0
2017-12-16,3.3081666666666667,0.026481,7.0,0.44,-0.0030237277238663873,0.018030770289921984,3.2643655555555555,0,0,0,0
2017-12-17,3.2981333333333334,0.026481,7.0,0.44,-0.0030328983827900835,0.015559151511777555,3.2650099999999997,0,0,0,0
2017-12-18,3.2881,0.026481,7.0,0.44,-0.0030421248382923594,0.01466059037188353,3.2655033333333336,0,0,0,0
2017-12-19,3.2883,0.026481,7.0,0.44,6.0825400687303244e-05,0.01628945190561982,3.2661866666666666,0,0,0,0
2017-12-20,3.2909,0.026481,7.0,0.44,0.0007906821153789156,0.01720311587377285,3.26714,0,0,0,0
2017-12-21,3.3045,0.026481,7.0,0.44,0.004132608101127255,0.011409229995919673,3.2686533333333334,0,0,0,0
2017-12-22,3.3209,0.026481,7.0,0.44,0.0049629293387805085,0.012168306043033907,3.2708133333333334,0,0,0,0
2017-12-23,3.320675,0.026481,7.0,0.44,-6.775271763681534e-05,0.014320089742643304,3.273599166666666,0,0,0,0
2017-12-24,3.32045,0.026481,7.0,0.44,-6.775730837849103e-05,0.015814449578643378,3.276614166666667,0,0,0,0
2017-12-25,3.3202249999999998,0.026481,7.0,0.44,-6.776189974266877e-05,0.01477681481076508,3.2797127777777773,0,0,0,0
2017-12-26,3.32,0.026481,7.0,0.44,-6.776649172868243e-05,0.011778237346872802,3.2828950000000003,0,0,0,0
2017-12-27,3.3031,0.026481,7.0,0.44,-0.005090361445783009,0.008139598606532239,3.285605,0,0,0,0
2017-12-28,3.308,0.026481,7.0,0.44,0.0014834549362718885,0.007412471392331241,3.288431666666667,0,0,0,0
2017-12-29,3.308,0.026481,7.0,0.44,0.0,0.007647017392374158,3.2915783333333333,0,0,0,0
2017-12-30,3.298425,0.026481,7.0,0.44,-0.002894498186215233,0.00907136553217443,3.2928058333333334,0,0,0,0
2017-12-31,3.28885,0.026481,7.0,0.44,-0.0029029006268143087,0.01127859988985641,3.2936474999999996,0,0,0,0
2018-01-01,3.2792749999999997,0.026481,7.0,0.29,-0.0029113519923378295,0.013474533961346444,3.2943144444444443,0,0,0,0
2018-01-02,3.2697,0.026481,7.0,0.29,-0.0029198527113462047,0.01487293703179293,3.2948066666666667,0,0,0,0
2018-01-03,3.2535,0.026481,7.0,0.29,-0.0049545829892650994,0.020394688121438135,3.294903333333333,0,0,0,0
2018-01-04,3.2318,0.026481,7.0,0.29,-0.006669740279698799,0.02646208372368477,3.29489,0,0,0,0
2018-01-05,3.2409,0.026481,7.0,0.29,0.0028157683024940816,0.02489742229436739,3.2950733333333333,0,0,0,0
2018-01-06,3.2391666666666667,0.026481,7.0,0.29,-0.0005348308597405982,0.02196173146199595,3.2934055555555557,0,0,0,0
2018-01-07,3.237433333333333,0.026481,7.0,0.29,-0.0005351170568562713,0.01801040328038355,3.29195,0,0,0,0
2018-01-08,3.2357,0.026481,7.0,0.29,-0.0005354035604335783,0.013194421219669124,3.290398888888889,0,0,0,0
2018-01-09,3.2397,0.026481,7.0,0.29,0.001236208548382134,0.006778635126572474,3.2889433333333336,0,0,0,0
2018-01-10,3.2467,0.026481,7.0,0.29,0.002160693891409826,0.004623067306676496,3.2876833333333333,0,0,0,0
2018-01-11,3.2301,0.026481,7.0,0.29,-0.005112883851295158,0.005073074477611487,3.2848566666666668,0,0,0,0
2018-01-12,3.2197,0.026481,7.0,0.29,-0.003219714559920761,0.008554747436541268,3.28206,0,0,0,0
2018-01-13,3.2119,0.026481,7.0,0.29,-0.0024225859552132745,0.012085856879313048,3.2780166666666664,0,0,0,0
2018-01-14,3.2041,0.026481,7.0,0.29,-0.0024284691304212735,0.015493101383373412,3.2742133333333334,0,0,0,0
2018-01-15,3.1963,0.026481,7.0,0.29,-0.002434380949408621,0.018587041056536854,3.2704844444444445,0,0,0,0
2018-01-16,3.2219,0.026481,7.0,0.29,0.008009260707693366,0.016764815764521147,3.267943333333333,0,0,0,0
2018-01-17,3.2324,0.026481,7.0,0.29,0.0032589465843135823,0.013291690923969531,3.2660866666666664,0,0,0,0
2018-01-18,3.2129,0.026481,7.0,0.29,-0.0060326692241060575,0.011903600895737334,3.2635733333333334,0,0,0,0
2018-01-19,3.2087,0.026481,7.0,0.29,-0.0013072302281428305,0.01177752096153025,3.2608333333333333,0,0,0,0
2018-01-20,3.2036,0.026481,7.0,0.29,-0.0015894287406115204,0.012267358934888143,3.2574699999999996,0,0,0,0
2018-01-21,3.1985,0.026481,7.0,0.29,-0.0015919590460730104,0.012985431397174013,3.25339,0,0,0,0
2018-01-22,3.1934,0.026481,7.0,0.29,-0.0015944974206659746,0.013552121605095032,3.2491475000000003,0,0,0,0
2018-01-23,3.2249,0.026481,7.0,0.29,0.009864094695309022,0.014023042262112607,3.2459624999999996,0,0,0,0
2018-01-24,3.197,0.026481,7.0,0.29,-0.008651431052125624,0.010897968355844763,3.241855,0,0,0,0
2018-01-25,3.1391,0.026481,7.0,0.29,-0.018110728808257814,0.026768371528447354,3.2358249999999997,0,0,0,0
2018-01-26,3.145,0.026481,7.0,0.29,0.001879519607530744,0.031716331980306094,3.230555,0,0,0,0
2018-01-27,3.1518333333333333,0.026481,7.0,0.29,0.0021727609962904904,0.03292145534786538,3.225349444444445,0,0,0,0
2018-01-28,3.158666666666667,0.026481,7.0,0.29,0.0021680503410714813,0.032332335117945955,3.2203716666666664,0,0,0,0
2018-01-29,3.1655,0.026481,7.0,0.29,0.002163360067539033,0.031070884991888436,3.2159408333333332,0,0,0,0
2018-01-30,3.1661,0.026481,7.0,0.29,0.00018954351603217567,0.01899683905756837,3.2118491666666666,0,0,0,0
2018-01-31,3.1624,0.026481,7.0,0.29,-0.0011686301759262774,0.010509129314127603,3.2079533333333337,0,0,0,0
2018-02-01,3.173,0.026481,7.0,0.32,0.0033518846445736994,0.009441039535585612,3.20473,0,0,0,0
2018-02-02,3.206,0.026481,7.0,0.32,0.010400252127324316,0.01756253829382378,3.203146666666667,0,0,0,0
2018-02-03,3.2158333333333333,0.026481,7.0,0.32,0.0030671657309211398,0.02293119222192478,3.202614444444444,0,0,0,0
2018-02-04,3.2256666666666667,0.026481,7.0,0.32,0.003057786991448541,0.02702890672855829,3.2021066666666664,0,0,0,0
2018-02-05,3.2355,0.026481,7.0,0.32,0.0030484654335021233,0.03017551654804147,3.2019844444444443,0,0,0,0
2018-02-06,3.2613,0.026481,7.0,0.32,0.007974038015762686,0.03463796278085392,3.2027799999999997,0,0,0,0
2018-02-07,3.2467,0.026481,7.0,0.32,-0.004476742403335954,0.028956911978353945,3.203146666666667,0,0,0,0
2018-02-08,3.2692,0.025552,6.75,0.32,0.0069301136538639785,0.02331285949832931,3.20413,0,0,1,0
2018-02-09,3.2821,0.025552,6.75,0.32,0.003945919491006977,0.02408505541158981,3.20531,0,0,0,0
2018-02-10,3.2763999999999998,0.025552,6.75,0.32,-0.0017366929709636825,0.021304020039437502,3.2068533333333336,0,0,0,0
2018-02-11,3.2706999999999997,0.025552,6.75,0.32,-0.001739714320595831,0.01666740474554717,3.2085533333333336,0,0,0,0
2018-02-12,3.265,0.025552,6.75,0.32,-0.0017427462011189165,0.011421158310013084,3.2103233333333336,0,0,0,0
2018-02-13,3.2593,0.025552,6.75,0.32,-0.0017457886676875978,0.011620794170037564,3.2121633333333337,0,0,0,0
2018-02-14,3.2536,0.025552,6.75,0.32,-0.0017488417758414476,0.009747966820952182,3.214073333333333,0,0,0,0
2018-02-15,3.2208,0.025552,6.75,0.32,-0.010081140890090934,0.020273275864675092,3.214036666666667,0,0,0,0
2018-02-16,3.2381,0.025552,6.75,0.32,0.005371336313959363,0.019493490977135798,3.2142266666666672,0,0,0,0
2018-02-17,3.236966666666667,0.025552,6.75,0.32,-0.0003499994852947941,0.017854429000113723,3.215028888888889,0,0,0,0
2018-02-18,3.2358333333333333,0.025552,6.75,0.32,-0.0003501220278244732,0.015578278188625484,3.215933333333333,0,0,0,0
2018-02-19,3.2347,0.025552,6.75,0.32,-0.000350244656193599,0.012808084830936787,3.2169700000000003,0,0,0,0
2018-02-20,3.2507,0.025552,6.75,0.32,0.004946362877546573,0.010908685438165715,3.21871,0,0,0,0
2018-02-21,3.2555,0.025552,6.75,0.32,0.00147660503891478,0.011356491279410519,3.2207799999999995,0,0,0,0
2018-02-22,3.2598,0.025552,6.75,0.32,0.0013208416525878341,0.010507067412362294,3.2219433333333334,0,0,0,0
2018-02-23,3.2417,0.025552,6.75,0.32,-0.0055524878826921364,0.010225103976107758,3.2234333333333334,0,0,0,0
2018-02-24,3.2395,0.025552,6.75,0.32,-0.000678656260603927,0.009932861925508296,3.2267799999999998,0,0,0,0
2018-02-25,3.2373,0.025552,6.75,0.32,-0.0006791171477080749,0.009710647077622297,3.229856666666667,0,0,0,0
2018-02-26,3.2351,0.025552,6.75,0.32,-0.0006795786612299182,0.00963671056303234,3.232632222222222,0,0,0,0
2018-02-27,3.2383,0.025552,6.75,0.32,0.0009891502581065303,0.0096947457541471,3.2352866666666666,0,0,0,0
2018-02-28,3.2449,0.025552,6.75,0.32,0.002038106413859042,0.00830676717814041,3.2379333333333333,0,0,0,0
2018-03-01,3.262,0.025552,6.75,0.09,0.005269808006410193,0.009081561644574992,3.24113,0,0,0,0
2018-03-02,3.2614,0.025552,6.75,0.09,-0.00018393623543833115,0.011464873890837326,3.24443,0,0,0,0
2018-03-03,3.2603333333333335,0.025552,6.75,0.09,-0.0003270579096911197,0.012319928365056491,3.247341111111111,0,0,0,0
2018-03-04,3.2592666666666665,0.025552,6.75,0.09,-0.00032716491156337124,0.011784717931248249,3.2491166666666667,0,0,0,0
2018-03-05,3.2582,0.025552,6.75,0.09,-0.00032727198347271,0.00937814356464575,3.2505288888888884,0,0,0,0
2018-03-06,3.2246,0.025552,6.75,0.09,-0.010312442452888093,0.01380703945905327,3.2504933333333335,0,0,0,0
2018-03-07,3.2318,0.025552,6.75,0.09,0.002232835080320017,0.015821912338665364,3.2503699999999998,0,0,0,0
2018-03-08,3.2518,0.025552,6.75,0.09,0.006188501763723098,0.015102555934896754,3.2500533333333332,0,0,0,0
2018-03-09,3.2496,0.025552,6.75,0.09,-0.0006765483732086297,0.014201326415414413,3.2501499999999997,0,0,0,0
2018-03-10,3.2532666666666668,0.025552,6.75,0.09,0.0011283440013130086,0.01340243206230315,3.2496188888888886,0,0,0,0
2018-03-11,3.2569333333333335,0.025552,6.75,0.09,0.0011270722760712282,0.013069444149229724,3.2487799999999996,0,0,0,0
2018-03-12,3.2606,0.025552,6.75,0.09,0.0011258034142547224,0.013450398786381618,3.248253333333333,0,0,0,0
2018-03-13,3.2492,0.025552,6.75,0.09,-0.003496289026559518,0.009173506827420205,3.2475366666666665,0,0,0,0
2018-03-14,3.2584,0.025552,6.75,0.09,0.0028314662070663132,0.0044504562514519974,3.247316666666667,0,0,0,0
2018-03-15,3.2859,0.025552,6.75,0.09,0.008439725018413835,0.012569516749752785,3.2482033333333336,0,0,0,0
2018-03-16,3.2905,0.025552,6.75,0.09,0.001399920874037619,0.016341952698164047,3.2494333333333336,0,0,0,0
2018-03-17,3.2907,0.025552,6.75,0.09,6.0781036316681636e-05,0.017921752323611262,3.2517633333333333,0,0,0,0
2018-03-18,3.2909,0.025552,6.75,0.09,6.0777342206774776e-05,0.018288039286705467,3.2535233333333333,0,0,0,0
2018-03-19,3.2911,0.025552,6.75,0.09,6.077364854606415e-05,0.017866235780155885,3.255327777777778,0,0,0,0
2018-03-20,3.2981,0.025552,6.75,0.09,0.0021269484366928104,0.01290147647511317,3.2574033333333334,0,0,0,0
2018-03-21,3.2921,0.025552,6.75,0.09,-0.0018192292532063226,0.003587810049630123,3.2593166666666664,0,0,0,0
2018-03-22,3.3033,0.02462,6.5,0.09,0.003402083776313125,0.004963677592064528,3.2610699999999997,0,0,1,0
2018-03-23,3.3041,0.02462,6.5,0.09,0.00024218206036374923,0.006003015115429651,3.26269,0,0,0,0
2018-03-24,3.3038666666666665,0.02462,6.5,0.09,-7.061933153762467e-05,0.006213439095760827,3.264158888888889,0,0,0,0
2018-03-25,3.3036333333333334,0.02462,6.5,0.09,-7.062431897975063e-05,0.005759331053153265,3.2662233333333335,0,0,0,0
2018-03-26,3.3034,0.02462,6.5,0.09,-7.062930712653515e-05,0.004529731295386519,3.268353333333333,0,0,0,0
2018-03-27,3.3256,0.02462,6.5,0.09,0.006720348731609871,0.010000328036946449,3.2712966666666667,0,0,0,0
2018-03-28,3.338,0.02462,6.5,0.09,0.0037286504690883238,0.014192381889723145,3.2747266666666666,0,0,0,0
2018-03-29,3.3238,0.02462,6.5,0.09,-0.0042540443379269766,0.014284936751329434,3.277576666666667,0,0,0,0
2018-03-30,3.32045,0.02462,6.5,0.09,-0.001007882544076022,0.013596603703690818,3.280095,0,0,0,0
2018-03-31,3.3171,0.02462,6.5,0.09,-0.0010088993961662185,0.01233328346193684,3.2819316666666665,0,0,0,0
2018-04-01,3.3137499999999998,0.02462,6.5,0.22,-0.001009918302131485,0.010742477988502074,3.2836766666666666,0,0,0,0
2018-04-02,3.3104,0.02462,6.5,0.22,-0.0010109392682006169,0.009108649735286046,3.2853455555555557,0,0,0,0
2018-04-03,3.3139,0.02462,6.5,0.22,0.0010572740454324325,0.009260303142220835,3.2871666666666663,0,0,0,0
2018-04-04,3.3538,0.02462,6.5,0.22,0.01204019433296133,0.014770655432474753,3.290353333333334,0,0,0,0
2018-04-05,3.3196,0.02462,6.5,0.22,-0.010197388037450072,0.014765238294890137,3.29352,0,0,0,0
2018-04-06,3.3666,0.02462,6.5,0.22,0.014158332329196277,0.02257025803173815,3.298013333333334,0,0,0,0
2018-04-07,3.3745,0.02462,6.5,0.22,0.0023465811204181897,0.02781845695971145,3.3021033333333336,0,0,0,0
2018-04-08,3.3824,0.02462,6.5,0.22,0.002341087568528799,0.03059697308403445,3.30653,0,0,0,0
2018-04-09,3.3903,0.02462,6.5,0.22,0.0023356196783348437,0.030051178568132948,3.311097777777778,0,0,0,0
2018-04-10,3.4195,0.02462,6.5,0.22,0.00861280712621304,0.031119845145909632,3.316516666666667,0,0,0,0
2018-04-11,3.4052,0.02462,6.5,0.22,-0.004181897938295154,0.03205358608569538,3.321336666666667,0,0,0,0
2018-04-12,3.3858,0.02462,6.5,0.22,-0.005697169035592475,0.018073685159338448,3.3258900000000002,0,0,0,0
2018-04-13,3.4105,0.02462,6.5,0.22,0.00729517396184054,0.01647633223173111,3.3309599999999997,0,0,0,0
2018-04-14,3.4157666666666664,0.02462,6.5,0.22,0.0015442505986413835,0.015048893858025655,3.335288888888889,0,0,0,0
2018-04-15,3.4210333333333334,0.02462,6.5,0.22,0.0015418695656417292,0.013986560064391668,3.33964,0,0,0,0
2018-04-16,3.4263,0.02462,6.5,0.22,0.0015394958638228484,0.013487385837166485,3.34416,0,0,0,0
2018-04-17,3.4041,0.02462,6.5,0.22,-0.006479292531301972,0.013317766706693407,3.3479333333333328,0,0,0,0
2018-04-18,3.3844,0.02462,6.5,0.22,-0.005787139038218703,0.016466967094519277,3.3510433333333327,0,0,0,0
2018-04-19,3.3977,0.02462,6.5,0.22,0.003929795532443103,0.01441946619303217,3.354363333333333,0,0,0,0
2018-04-20,3.4101,0.02462,6.5,0.22,0.0036495276216264028,0.014411207793030466,3.3582966666666665,0,0,0,0
2018-04-21,3.4207666666666667,0.02462,6.5,0.22,0.003127963011837487,0.014946212204443582,3.362212222222223,0,0,0,0
2018-04-22,3.431433333333333,0.02462,6.5,0.22,0.0031182093682702305,0.016729103683518733,3.3664566666666667,0,0,0,0
2018-04-23,3.4421,0.02462,6.5,0.22,0.003108516363424574,0.019943946582661007,3.3710644444444444,0,0,0,0
2018-04-24,3.4667,0.02462,6.5,0.22,0.007146799918654301,0.02780400888458395,3.3765,0,0,0,0
2018-04-25,3.504,0.02462,6.5,0.22,0.010759511927769916,0.036360471152546016,3.3831866666666666,0,0,0,0
2018-04-26,3.4977,0.02462,6.5,0.22,-0.0017979452054794898,0.037080196942470646,3.388923333333333,0,0,0,0
2018-04-27,3.4676,0.02462,6.5,0.22,-0.008605655144809488,0.03193875173571037,3.393243333333333,0,0,0,0
2018-04-28,3.4721,0.02462,6.5,0.22,0.0012977275348944328,0.02645797806288591,3.3981866666666667,0,0,0,0
2018-04-29,3.4766,0.02462,6.5,0.22,0.0012960456208057636,0.020707716528172024,3.4033916666666664,0,0,0,0
2018-04-30,3.4811,0.02462,6.5,0.22,0.0012943680607491181,0.01466466436554332,3.4088583333333333,0,0,0,0
2018-05-01,3.51175,0.02462,6.5,0.4,0.008804688173278619,0.017111904099382968,3.4154583333333335,0,0,0,0
2018-05-02,3.5424,0.02462,6.5,0.4,0.008727842243895445,0.026789659074633737,3.423191666666667,0,0,0,0
2018-05-03,3.5484,0.02462,6.5,0.4,0.0016937669376693165,0.03418411459257111,3.431008333333333,0,0,0,0
2018-05-04,3.5308,0.02462,6.5,0.4,-0.004959981963701954,0.032507689566536616,3.4369083333333332,0,0,0,0
2018-05-05,3.5358,0.02462,6.5,0.4,0.001416109663532339,0.0291968299812567,3.4441149999999996,0,0,0,0
2018-05-06,3.5408,0.02462,6.5,0.4,0.0014141071327562482,0.023509615560694534,3.4499216666666666,0,0,0,0
2018-05-07,3.5458,0.02462,6.5,0.4,0.0014121102575688216,0.012429357528595694,3.4556316666666667,0,0,0,0
2018-05-08,3.5788,0.02462,6.5,0.4,0.00930678549269559,0.015581124111365386,3.4621783333333336,0,0,0,0
2018-05-09,3.5943,0.02462,6.5,0.4,0.004331060690734301,0.023734272988405206,3.4689783333333333,0,0,0,0
2018-05-10,3.5566,0.02462,6.5,0.4,-0.010488829535653665,0.02364113646455629,3.473548333333333,0,0,0,0
2018-05-11,3.5716,0.02462,6.5,0.4,0.004217511106112681,0.021717942987805206,3.479095,0,0,0,0
2018-05-12,3.5843000000000003,0.02462,6.5,0.4,0.003555829320192716,0.020197182736183383,3.4857116666666665,0,0,0,0
2018-05-13,3.597,0.02462,6.5,0.4,0.0035432301983651104,0.0189672022688495,3.4919283333333335,0,0,0,0
2018-05-14,3.6097,0.02462,6.5,0.4,0.003530720044481628,0.017628521262645896,3.4983927777777777,0,0,0,0
2018-05-15,3.6753,0.02462,6.5,0.4,0.018173255395185217,0.03813213867596432,3.5068683333333337,0,0,0,0
2018-05-16,3.6803,0.02462,6.5,0.4,0.001360433161918806,0.048919301867884644,3.5153350000000003,0,0,0,0
2018-05-17,3.6874,0.02462,6.5,0.4,0.0019291905551177546,0.049790083158755,3.5247783333333333,0,0,0,0
2018-05-18,3.7503,0.02462,6.5,0.4,0.01705808971090761,0.059997972187986116,3.536975,1,0,0,0
2018-05-19,3.7359333333333336,0.02462,6.5,0.4,-0.0038308046467393497,0.05758459615461144,3.5482494444444446,1,0,0,0
2018-05-20,3.7215666666666665,0.02462,6.5,0.4,-0.003845536144470918,0.04721326208181682,3.5586316666666673,0,0,0,0
2018-05-21,3.7072,0.02462,6.5,0.4,-0.0038603813806014076,0.028909698854105666,3.5681794444444446,0,0,0,0
2018-05-22,3.6502,0.02462,6.5,0.4,-0.015375485541648692,0.03466630341696299,3.5754716666666666,0,0,0,0
2018-05-23,3.6507,0.02462,6.5,0.4,0.00013697879568241866,0.0395937491726821,3.582425,0,0,0,0
2018-05-24,3.6436,0.02462,6.5,0.4,-0.0019448324978771359,0.04508404027851647,3.5883216666666664,0,0,0,0
2018-05-25,3.6587,0.02462,6.5,0.4,0.00414425293665599,0.03897099314724154,3.593478333333333,0,0,0,0
2018-05-26,3.6755333333333335,0.02462,6.5,0.4,0.0046009056039941765,0.03060231170165755,3.5994061111111106,0,0,0,0
2018-05-27,3.6923666666666666,0.02462,6.5,0.4,0.004579834219070156,0.02409823590117851,3.6068983333333335,0,0,0,0
2018-05-28,3.7092,0.02462,6.5,0.4,0.004558954961136008,0.02464164539625088,3.6148016666666662,0,0,0,0
2018-05-29,3.7289,0.02462,6.5,0.4,0.005311118300442175,0.031764059087898,3.623211666666667,0,0,0,0
2018-05-30,3.737,0.02462,6.5,0.4,0.002172222371208621,0.035130575778110094,3.631741666666667,0,0,0,0
2018-05-31,3.73915,0.02462,6.5,0.4,0.0005753278030504738,0.03147951483904576,3.6393216666666666,0,0,0,0
2018-06-01,3.7413,0.02462,6.5,1.26,0.0005749969912947073,0.02584253318017617,3.645951666666667,0,0,0,0
2018-06-02,3.7416666666666667,0.02462,6.5,1.26,9.800514972524432e-05,0.019092288049565004,3.6523938888888887,0,0,0,0
2018-06-03,3.742033333333333,0.02462,6.5,1.26,9.799554565703694e-05,0.011923027495597137,3.659435,0,0,0,0
2018-06-04,3.7424,0.02462,6.5,1.26,9.798594347110168e-05,0.00481579879087115,3.666321666666667,0,0,0,0
2018-06-05,3.7752,0.02462,6.5,1.26,0.008764429243266258,0.013220033999450004,3.674135,0,0,0,0
2018-06-06,3.8193,0.02462,6.5,1.26,0.01168150031786408,0.030136673022275056,3.6832516666666666,0,0,0,0
2018-06-07,3.9,0.02462,6.5,1.26,0.021129526352996475,0.06026244893238237,3.6939583333333332,1,0,0,0
2018-06-08,3.7859,0.02462,6.5,1.26,-0.029256410256410237,0.05776117404899718,3.7003449999999996,0,0,0,0
2018-06-09,3.7543666666666664,0.02462,6.5,1.26,-0.008329151148560032,0.05629383136490882,3.7069372222222223,0,0,0,0
2018-06-10,3.7228333333333334,0.02462,6.5,1.26,-0.008399108593548754,0.059319226965933974,3.7119783333333336,0,0,0,0
2018-06-11,3.6913,0.02462,6.5,1.26,-0.008470251152795871,0.06804107108579754,3.715545,0,0,0,0
2018-06-12,3.7044,0.02462,6.5,1.26,0.0035488852165903584,0.07363107989110976,3.7191249999999996,0,0,0,0
2018-06-13,3.7054,0.02462,6.5,1.26,0.00026994924954104604,0.07306539290400399,3.7223150000000005,0,0,0,0
2018-06-14,3.7057,0.02462,6.5,1.26,8.096291898307406e-05,0.03388433719113831,3.7233283333333334,0,0,0,0
2018-06-15,3.7738,0.02462,6.5,1.26,0.018377094745931855,0.03033966792402117,3.726445,0,0,0,0
2018-06-16,3.7673,0.02462,6.5,1.26,-0.0017224018230960203,0.03288749460800805,3.7291083333333335,0,0,0,0
2018-06-17,3.7608,0.02462,6.5,1.26,-0.0017253736097470052,0.035606246108081836,3.7294583333333335,0,0,0,0
2018-06-18,3.7543,0.02462,6.5,1.26,-0.0017283556690065316,0.032031309088287586,3.730070555555556,0,0,0,0
2018-06-19,3.7566,0.02462,6.5,1.26,0.0006126308499587729,0.028573747525023813,3.7312383333333328,0,0,0,0
2018-06-20,3.7335,0.02462,6.5,1.26,-0.006149177447692167,0.02337587278747554,3.732115,0,0,0,0
2018-06-21,3.7894,0.02462,6.5,1.26,0.014972545868488174,0.017415592357075647,3.736755,0,0,0,0
2018-06-22,3.7663,0.02462,6.5,1.26,-0.006095951865730642,0.01680612133392696,3.7406083333333333,0,0,0,0
2018-06-23,3.7695333333333334,0.02462,6.5,1.26,0.0008584906495321398,0.016962329879046684,3.744806111111111,0,0,0,0
2018-06-24,3.7727666666666666,0.02462,6.5,1.26,0.00085775427550705,0.017476375588453465,3.7486083333333338,0,0,0,0
2018-06-25,3.776,0.02462,6.5,1.26,0.0008570191636552149,0.017558958882635048,3.7519572222222224,0,0,0,0
2018-06-26,3.7721,0.02462,6.5,1.26,-0.0010328389830508433,0.01710326866265222,3.7546150000000003,0,0,0,0
2018-06-27,3.8358,0.02462,6.5,1.26,0.016887145091593503,0.02436341693320818,3.758835,0,0,0,0
2018-06-28,3.8521,0.02462,6.5,1.26,0.0042494394911101185,0.03586449217467285,3.762941666666667,0,0,0,0
2018-06-29,3.8558,0.02462,6.5,1.26,0.0009605150437423937,0.040759163607647246,3.766901666666667,0,0,0,0
2018-06-30,3.8723666666666667,0.02462,6.5,1.26,0.00429655756695535,0.044279438538156794,3.7713422222222226,0,0,0,0
2018-07-01,3.888933333333333,0.02462,6.5,0.33,0.0042781761369015125,0.04556826264904651,3.776263333333333,0,0,0,0
2018-07-02,3.9055,0.02462,6.5,0.33,0.004259951314842247,0.04330627238079223,3.7817244444444444,0,0,0,0
2018-07-03,3.892,0.02462,6.5,0.33,-0.0034566636794264305,0.02509213287629181,3.786723333333333,0,0,0,0
2018-07-04,3.9058,0.02462,6.5,0.33,0.0035457348406988665,0.022134779547466513,3.7921699999999996,0,0,0,0
2018-07-05,3.9192,0.02462,6.5,0.33,0.0034307952276102505,0.02166054980825773,3.79697,0,0,0,0
2018-07-06,3.9264,0.02462,6.5,0.33,0.001837109614206911,0.01855037899486917,3.80054,0,0,0,0
2018-07-07,3.9073333333333333,0.02462,6.5,0.33,-0.004856017386579814,0.013405883964681748,3.8007844444444445,0,0,0,0
2018-07-08,3.888266666666667,0.02462,6.5,0.33,-0.004879713359494886,0.013552650612744369,3.8041966666666664,0,0,0,0
2018-07-09,3.8692,0.02462,6.5,0.33,-0.004903641725533259,0.019552166012335007,3.8080244444444444,0,0,0,0
2018-07-10,3.8452,0.02462,6.5,0.33,-0.006202832626899579,0.028952597639236684,3.8121033333333334,0,0,0,0
2018-07-11,3.8417,0.02462,6.5,0.33,-0.0009102257359826504,0.03440170338477014,3.8171166666666663,0,0,0,0
2018-07-12,3.8564,0.02462,6.5,0.33,0.0038264310071061125,0.03221553981074049,3.8221833333333337,0,0,0,0
2018-07-13,3.8745,0.02462,6.5,0.33,0.004693496525256746,0.023598750079131578,3.82782,0,0,0,0
2018-07-14,3.8689666666666667,0.02462,6.5,0.33,-0.0014281412655395842,0.01661972755256789,3.8332622222222223,0,0,0,0
2018-07-15,3.863433333333333,0.02462,6.5,0.33,-0.0014301837699989273,0.012608974716147177,3.8362499999999997,0,0,0,0
2018-07-16,3.8579,0.02462,6.5,0.33,-0.001432232125139099,0.011926922548908285,3.83927,0,0,0,0
2018-07-17,3.8671,0.02462,6.5,0.33,0.002384717074055853,0.010730200173967358,3.8428133333333334,0,0,0,0
2018-07-18,3.8474,0.02462,6.5,0.33,-0.005094256678131015,0.009071622712092981,3.8459166666666667,0,0,0,0
2018-07-19,3.8847,0.02462,6.5,0.33,0.009694858865727518,0.011899141848295113,3.8501866666666666,0,0,0,0
2018-07-20,3.7793,0.02462,6.5,0.33,-0.027132082271475233,0.03428764952660085,3.8517133333333335,0,0,0,0
2018-07-21,3.7833666666666668,0.02462,6.5,0.33,0.0010760370086171367,0.04192682653236146,3.851512222222222,0,0,0,0
2018-07-22,3.7874333333333334,0.02462,6.5,0.33,0.001074880397529565,0.04473184713550246,3.8522166666666666,0,0,0,0
2018-07-23,3.7915,0.02462,6.5,0.33,0.0010737262702094075,0.04477070742563648,3.852948888888889,0,0,0,0
2018-07-24,3.7459,0.02462,6.5,0.33,-0.012026902281419005,0.04695407133380765,3.852053333333333,0,0,0,0
2018-07-25,3.712,0.02462,6.5,0.33,-0.009049894551376059,0.05301661065455095,3.84992,0,0,0,0
2018-07-26,3.7243,0.02462,6.5,0.33,0.003313577586206762,0.032758118667427914,3.8483266666666665,0,0,0,0
2018-07-27,3.7164,0.02462,6.5,0.33,-0.002121203984641329,0.03528485518314968,3.8443466666666666,0,0,0,0
2018-07-28,3.7161,0.02462,6.5,0.33,-8.072328059416378e-05,0.03432464753753714,3.8398133333333333,0,0,0,0
2018-07-29,3.7158,0.02462,6.5,0.33,-8.07297973681731e-05,0.028725101019422654,3.8351466666666667,0,0,0,0
2018-07-30,3.7155,0.02462,6.5,0.33,-8.073631519467384e-05,0.011649156928608198,3.8299177777777778,0,0,0,0
2018-07-31,3.7549,0.02462,6.5,0.33,0.010604225541649859,0.014913177298864171,3.8254500000000005,0,0,0,0
2018-08-01,3.7491,0.02462,6.5,-0.09,-0.0015446483261871702,0.017134746097158267,3.8202366666666667,0,0,0,0
2018-08-02,3.7645,0.02462,6.5,-0.09,0.0041076525032675,0.021962424621218658,3.815986666666667,0,0,0,0
2018-08-03,3.7201,0.02462,6.5,-0.09,-0.011794395005976899,0.021531405634004738,3.8097966666666667,0,0,0,0
2018-08-04,3.7205333333333335,0.02462,6.5,-0.09,0.00011648432389810282,0.020985213993520175,3.8031744444444446,0,0,0,0
2018-08-05,3.7209666666666665,0.02462,6.5,-0.09,0.00011647075688059338,0.020303930080755653,3.7963266666666664,0,0,0,0
2018-08-06,3.7214,0.02462,6.5,-0.09,0.00011645719302344482,0.019460315065242637,3.790128888888889,0,0,0,0
2018-08-07,3.7118,0.02462,6.5,-0.09,-0.0025796743161174973,0.01927486781031473,3.7842466666666668,0,0,0,0
2018-08-08,3.7519,0.02462,6.5,-0.09,0.010803383803006605,0.019765640113720385,3.7803366666666665,0,0,0,0
2018-08-09,3.803,0.02462,6.5,-0.09,0.013619765985234178,0.032295209073563355,3.77893,0,0,0,0
2018-08-10,3.8472,0.02462,6.5,-0.09,0.011622403365763923,0.05187527216736987,3.7791133333333335,0,0,0,0
2018-08-11,3.8644,0.02462,6.5,-0.09,0.004470783946766366,0.06364868232657941,3.77938,0,0,0,0
2018-08-12,3.8816,0.02462,6.5,-0.09,0.0044508850015527734,0.06983744731606643,3.779616666666667,0,0,0,0
2018-08-13,3.8988,0.02462,6.5,-0.09,0.004431162407254607,0.06987977089943814,3.7806111111111114,0,0,0,0
2018-08-14,3.8812,0.02462,6.5,-0.09,-0.004514209500359079,0.05217396267256533,3.781203333333333,0,0,0,0
2018-08-15,3.9134,0.02462,6.5,-0.09,0.008296403174276046,0.03654489737043522,3.7830533333333336,0,0,0,0
2018-08-16,3.881,0.02462,6.5,-0.09,-0.008279245668728064,0.021544328609737203,3.7835166666666664,0,0,0,0
2018-08-17,3.9389,0.02462,6.5,-0.09,0.014918835351713566,0.025092922546231116,3.7865666666666664,0,0,0,0
2018-08-18,3.9402666666666666,0.02462,6.5,-0.09,0.0003469665811943745,0.026432126316167082,3.7884188888888892,0,0,0,0
2018-08-19,3.9416333333333333,0.02462,6.5,-0.09,0.00034684623714142937,0.027290623813954033,3.79383,0,0,0,0
2018-08-20,3.943,0.02462,6.5,-0.09,0.0003467259765410624,0.02838690267346756,3.799151111111111,0,0,0,0
2018-08-21,3.9873,0.02462,6.5,-0.09,0.011235100177529711,0.0323232712212224,3.805813333333333,0,0,0,0
2018-08-22,4.074,0.02462,6.5,-0.09,0.021744037318486287,0.05974339218742102,3.8152299999999997,1,0,0,0
2018-08-23,4.0727,0.02462,6.5,-0.09,-0.000319096710849176,0.06243317612847248,3.8261233333333333,1,0,0,0
2018-08-24,4.0854,0.02462,6.5,-0.09,0.0031183244530654797,0.06850684050352054,3.83857,1,0,0,0
2018-08-25,4.079833333333333,0.02462,6.5,-0.09,-0.001362575675984412,0.06635159435975828,3.850421111111111,1,0,0,0
2018-08-26,4.0742666666666665,0.02462,6.5,-0.09,-0.001364434821683913,0.0563372544893188,3.86235,1,0,0,0
2018-08-27,4.0687,0.02462,6.5,-0.09,-0.0013662990476813741,0.03388687842083946,3.874103333333333,1,0,0,0
2018-08-28,4.1192,0.02462,6.5,-0.09,0.01241182687344855,0.017259188182763487,3.8875499999999996,1,0,0,0
2018-08-29,4.1353,0.02462,6.5,-0.09,0.00390852592736457,0.025902391056472865,3.9015433333333336,1,0,0,0
2018-08-30,4.1812,0.02462,6.5,-0.09,0.011099557468623678,0.04122014712624543,3.9157533333333334,1,0,0,0
2018-08-31,4.1353,0.02462,6.5,-0.09,-0.010977709748397513,0.04132378025814803,3.9286266666666667,1,0,0,0
2018-09-01,4.132833333333333,0.02462,6.5,0.48,-0.0005964903795775411,0.038934938268840355,3.940904444444444,0,0,0,0
2018-09-02,4.130366666666667,0.02462,6.5,0.48,-0.0005968463927086276,0.0330477200265146,3.95458,0,0,0,0
2018-09-03,4.1279,0.02462,6.5,0.48,-0.0005972028310642363,0.02007925697967329,3.9681588888888886,0,0,0,0
2018-09-04,4.1652,0.02462,6.5,0.48,0.009036071610261764,0.020633430776721202,3.982966666666667,0,0,0,0
2018-09-05,4.1609,0.02462,6.5,0.48,-0.0010323633919139263,0.021095009314971692,3.9976166666666666,0,0,0,0
2018-09-06,4.146,0.02462,6.5,0.48,-0.0035809560431636633,0.015119630535251135,4.01209,0,0,0,0
2018-09-07,4.134675,0.02462,6.5,0.48,-0.0027315484804631973,0.01517197393217799,4.024849166666667,0,0,0,0
2018-09-08,4.12335,0.02462,6.5,0.48,-0.0027390302744471073,0.016545791137758628,4.0355275,0,0,0,0
2018-09-09,4.112025,0.02462,6.5,0.48,-0.002746553166721344,0.019698965860206964,4.044355,0,0,0,0
2018-09-10,4.1007,0.02462,6.5,0.48,-0.0027541174968538362,0.024301434775585256,4.052231666666667,0,0,0,0
2018-09-11,4.1641,0.02462,6.5,0.48,0.01546077498963605,0.024073774878774934,4.061648333333333,0,0,0,0
2018-09-12,4.1259,0.02462,6.5,0.48,-0.009173650968997027,0.021141506653513012,4.069218333333334,0,0,0,0
2018-09-13,4.1637,0.02462,6.5,0.48,0.009161637460917804,0.024266402773805804,4.078635,0,0,0,0
2018-09-14,4.1879,0.02462,6.5,0.48,0.005812138242428544,0.03224712104181435,4.087785,0,0,0,0
2018-09-15,4.181766666666666,0.02462,6.5,0.48,-0.0014645367208705462,0.03477977669670737,4.097810555555555,0,0,0,0
2018-09-16,4.175633333333334,0.02462,6.5,0.48,-0.0014666847345219391,0.03200918849576793,4.105701666666667,0,0,0,0
2018-09-17,4.1695,0.02462,6.5,0.48,-0.0014688390583464939,0.02018300925143313,4.113342777777778,0,0,0,0
2018-09-18,4.1369,0.02462,6.5,0.48,-0.007818683295359286,0.02320971790652637,4.1198516666666665,0,0,0,0
2018-09-19,4.1351,0.02462,6.5,0.48,-0.0004351084145131079,0.02090161888388565,4.126255,0,0,0,0
2018-09-20,4.0997,0.02462,6.5,0.48,-0.008560857053033777,0.0321875686675616,4.130001666666667,0,0,0,0
2018-09-21,4.0728,0.02462,6.5,0.48,-0.00656145571627198,0.04092151670099438,4.129961666666667,0,0,0,0
2018-09-22,4.068333333333333,0.02462,6.5,0.48,-0.001096706606429687,0.04343999266772533,4.129816111111111,0,0,0,0
2018-09-23,4.063866666666667,0.02462,6.5,0.48,-0.0010979106923392212,0.04116486275860529,4.129098333333333,0,0,0,0
2018-09-24,4.0594,0.02462,6.5,0.48,-0.0010991174251123725,0.033433989295630476,4.128417222222223,0,0,0,0
2018-09-25,4.1286,0.02462,6.5,0.48,0.01704685421490848,0.03162795210736911,4.130228333333333,0,0,0,0
2018-09-26,4.057,0.02462,6.5,0.48,-0.017342440536743498,0.026256712923622163,4.129838333333334,0,0,0,0
2018-09-27,4.0092,0.02462,6.5,0.48,-0.011782105003697474,0.034939651676392444,4.126171666666667,0,0,0,0
2018-09-28,4.0039,0.02462,6.5,0.48,-0.0013219594931657142,0.041636427757558304,4.121791666666667,0,0,0,0
2018-09-29,4.0117,0.02462,6.5,0.48,0.0019481006019133051,0.04420828228092988,4.116141666666667,0,0,0,0
2018-09-30,4.0195,0.02462,6.5,0.48,0.001944312884811783,0.04467653053853295,4.112281666666666,0,0,0,0
2018-10-01,4.0273,0.02462,6.5,0.45,0.0019405398681429098,0.04415687402678728,4.108763888888889,0,0,0,0
2018-10-02,3.9505,0.02462,6.5,0.45,-0.019069848285451885,0.03206165934582641,4.102768333333334,0,0,0,0
2018-10-03,3.8542,0.02462,6.5,0.45,-0.024376661182128778,0.061757879774918194,4.0936449999999995,0,1,0,0
2018-10-04,3.9047,0.02462,6.5,0.45,0.013102589383010788,0.06661869107095542,4.084961666666667,0,0,0,0
2018-10-05,3.8699,0.02462,6.5,0.45,-0.008912336415089595,0.07329979211305271,4.075261666666667,0,1,0,0
2018-10-06,3.8328666666666664,0.02462,6.5,0.45,-0.009569584054712865,0.07848392313386979,4.064823888888889,0,1,0,0
2018-10-07,3.7958333333333334,0.02462,6.5,0.45,-0.00966204581427299,0.07803935549001996,4.053529166666666,0,1,0,0
2018-10-08,3.7588,0.02462,6.5,0.45,-0.009756311745334867,0.06456352025838169,4.0413775,0,1,0,0
2018-10-09,3.7391,0.02462,6.5,0.45,-0.005241034372672093,0.06033198279647519,4.028946666666666,0,1,0,0
2018-10-10,3.751,0.02462,6.5,0.45,0.0031825840442887277,0.0637229237033024,4.01729,0,1,0,0
2018-10-11,3.746,0.02462,6.5,0.45,-0.0013329778725672536,0.050143988440542485,4.003353333333333,0,1,0,0
2018-10-12,3.7428,0.02462,6.5,0.45,-0.0008542445274960508,0.03487382775720762,3.9905833333333334,0,1,0,0
2018-10-13,3.7396000000000003,0.02462,6.5,0.45,-0.0008549748851126582,0.019989556797432587,3.9764466666666665,0,1,0,0
2018-10-14,3.7364,0.02462,6.5,0.45,-0.0008557064926730806,0.007852479135709236,3.9613966666666665,0,1,0,0
2018-10-15,3.7332,0.02462,6.5,0.45,-0.0008564393533883052,0.005994958199588117,3.9464444444444444,0,1,0,0
2018-10-16,3.7079,0.02462,6.5,0.45,-0.006777027750991094,0.01401415950643884,3.9308533333333333,0,1,0,0
2018-10-17,3.7008,0.02462,6.5,0.45,-0.001914830497046771,0.01780774309930627,3.91523,0,1,0,0
