purchase_date,weekday,month,is_holiday,holiday_name,is_carnival,is_weekend,is_friday,season,christmas_season,is_major_event,is_shopping_holiday,day_of_month,is_mid_month,is_last_3_days,is_day_24_non_december
2016-09-04,6,9,0,,0,1,0,Spring,0,0,0,4,0,0,0
2016-09-05,0,9,0,,0,0,0,Spring,0,0,0,5,0,0,0
2016-09-06,1,9,0,,0,0,0,Spring,0,0,0,6,0,0,0
2016-09-07,2,9,1,Independência do Brasil,0,0,0,Spring,0,0,0,7,0,0,0
2016-09-08,3,9,0,,0,0,0,Spring,0,0,0,8,0,0,0
2016-09-09,4,9,0,,0,0,1,Spring,0,0,0,9,0,0,0
2016-09-10,5,9,0,,0,1,0,Spring,0,0,0,10,0,0,0
2016-09-11,6,9,0,,0,1,0,Spring,0,0,0,11,0,0,0
2016-09-12,0,9,0,,0,0,0,Spring,0,0,0,12,0,0,0
2016-09-13,1,9,0,,0,0,0,Spring,0,0,0,13,0,0,0
2016-09-14,2,9,0,,0,0,0,Spring,0,0,0,14,1,0,0
2016-09-15,3,9,0,,0,0,0,Spring,0,0,0,15,1,0,0
2016-09-16,4,9,0,,0,0,1,Spring,0,0,0,16,1,0,0
2016-09-17,5,9,0,,0,1,0,Spring,0,0,0,17,0,0,0
2016-09-18,6,9,0,,0,1,0,Spring,0,0,0,18,0,0,0
2016-09-19,0,9,0,,0,0,0,Spring,0,0,0,19,0,0,0
2016-09-20,1,9,0,,0,0,0,Spring,0,0,0,20,0,0,0
2016-09-21,2,9,0,,0,0,0,Spring,0,0,0,21,0,0,0
2016-09-22,3,9,0,,0,0,0,Spring,0,0,0,22,0,0,0
2016-09-23,4,9,0,,0,0,1,Spring,0,0,0,23,0,0,0
2016-09-24,5,9,0,,0,1,0,Spring,0,0,0,24,0,0,1
2016-09-25,6,9,0,,0,1,0,Spring,0,0,0,25,0,0,0
2016-09-26,0,9,0,,0,0,0,Spring,0,0,0,26,0,0,0
2016-09-27,1,9,0,,0,0,0,Spring,0,0,0,27,0,0,0
2016-09-28,2,9,0,,0,0,0,Spring,0,0,0,28,0,1,0
2016-09-29,3,9,0,,0,0,0,Spring,0,0,0,29,0,1,0
2016-09-30,4,9,0,,0,0,1,Spring,0,0,0,30,0,1,0
2016-10-01,5,10,0,,0,1,0,Spring,0,0,0,1,0,0,0
2016-10-02,6,10,0,,0,1,0,Spring,0,0,0,2,0,0,0
2016-10-03,0,10,0,,0,0,0,Spring,0,0,0,3,0,0,0
2016-10-04,1,10,0,,0,0,0,Spring,0,0,0,4,0,0,0
2016-10-05,2,10,0,,0,0,0,Spring,0,0,0,5,0,0,0
2016-10-06,3,10,0,,0,0,0,Spring,0,0,0,6,0,0,0
2016-10-07,4,10,0,,0,0,1,Spring,0,0,0,7,0,0,0
2016-10-08,5,10,0,,0,1,0,Spring,0,0,0,8,0,0,0
2016-10-09,6,10,0,,0,1,0,Spring,0,0,0,9,0,0,0
2016-10-10,0,10,0,,0,0,0,Spring,0,0,0,10,0,0,0
2016-10-11,1,10,0,,0,0,0,Spring,0,0,0,11,0,0,0
2016-10-12,2,10,1,Nossa Senhora Aparecida,0,0,0,Spring,0,0,0,12,0,0,0
2016-10-13,3,10,0,,0,0,0,Spring,0,0,0,13,0,0,0
2016-10-14,4,10,0,,0,0,1,Spring,0,0,0,14,1,0,0
2016-10-15,5,10,0,,0,1,0,Spring,0,0,0,15,1,0,0
2016-10-16,6,10,0,,0,1,0,Spring,0,0,0,16,1,0,0
2016-10-17,0,10,0,,0,0,0,Spring,0,0,0,17,0,0,0
2016-10-18,1,10,0,,0,0,0,Spring,0,0,0,18,0,0,0
2016-10-19,2,10,0,,0,0,0,Spring,0,0,0,19,0,0,0
2016-10-20,3,10,0,,0,0,0,Spring,0,0,0,20,0,0,0
2016-10-21,4,10,0,,0,0,1,Spring,0,0,0,21,0,0,0
2016-10-22,5,10,0,,0,1,0,Spring,0,0,0,22,0,0,0
2016-10-23,6,10,0,,0,1,0,Spring,0,0,0,23,0,0,0
2016-10-24,0,10,0,,0,0,0,Spring,0,0,0,24,0,0,1
2016-10-25,1,10,0,,0,0,0,Spring,0,0,0,25,0,0,0
2016-10-26,2,10,0,,0,0,0,Spring,0,0,0,26,0,0,0
2016-10-27,3,10,0,,0,0,0,Spring,0,0,0,27,0,0,0
2016-10-28,4,10,0,,0,0,1,Spring,0,0,0,28,0,0,0
2016-10-29,5,10,0,,0,1,0,Spring,0,0,0,29,0,1,0
2016-10-30,6,10,0,,0,1,0,Spring,0,0,0,30,0,1,0
2016-10-31,0,10,0,,0,0,0,Spring,0,0,0,31,0,1,0
2016-11-01,1,11,0,,0,0,0,Spring,0,0,0,1,0,0,0
2016-11-02,2,11,1,Finados,0,0,0,Spring,0,0,0,2,0,0,0
2016-11-03,3,11,0,,0,0,0,Spring,0,0,0,3,0,0,0
2016-11-04,4,11,0,,0,0,1,Spring,0,0,0,4,0,0,0
2016-11-05,5,11,0,,0,1,0,Spring,0,0,0,5,0,0,0
2016-11-06,6,11,0,,0,1,0,Spring,0,0,0,6,0,0,0
2016-11-07,0,11,0,,0,0,0,Spring,0,0,0,7,0,0,0
2016-11-08,1,11,0,,0,0,0,Spring,0,0,0,8,0,0,0
2016-11-09,2,11,0,,0,0,0,Spring,0,0,0,9,0,0,0
2016-11-10,3,11,0,,0,0,0,Spring,0,0,0,10,0,0,0
2016-11-11,4,11,0,,0,0,1,Spring,0,0,0,11,0,0,0
2016-11-12,5,11,0,,0,1,0,Spring,0,0,0,12,0,0,0
2016-11-13,6,11,0,,0,1,0,Spring,0,0,0,13,0,0,0
2016-11-14,0,11,0,,0,0,0,Spring,0,0,0,14,1,0,0
2016-11-15,1,11,1,Proclamação da República,0,0,0,Spring,0,0,0,15,1,0,0
2016-11-16,2,11,0,,0,0,0,Spring,0,0,0,16,1,0,0
2016-11-17,3,11,0,,0,0,0,Spring,0,0,0,17,0,0,0
2016-11-18,4,11,0,,0,0,1,Spring,0,0,0,18,0,0,0
2016-11-19,5,11,0,,0,1,0,Spring,0,0,0,19,0,0,0
2016-11-20,6,11,0,,0,1,0,Spring,0,0,0,20,0,0,0
2016-11-21,0,11,0,,0,0,0,Spring,0,0,0,21,0,0,0
2016-11-22,1,11,0,,0,0,0,Spring,0,0,0,22,0,0,0
2016-11-23,2,11,0,,0,0,0,Spring,0,0,0,23,0,0,0
2016-11-24,3,11,0,,0,0,0,Spring,0,0,0,24,0,0,1
2016-11-25,4,11,0,,0,0,1,Spring,0,0,1,25,0,0,0
2016-11-26,5,11,0,,0,1,0,Spring,0,0,0,26,0,0,0
2016-11-27,6,11,0,,0,1,0,Spring,0,0,0,27,0,0,0
2016-11-28,0,11,0,,0,0,0,Spring,0,0,0,28,0,1,0
2016-11-29,1,11,0,,0,0,0,Spring,0,0,0,29,0,1,0
2016-11-30,2,11,0,,0,0,0,Spring,0,0,0,30,0,1,0
2016-12-01,3,12,0,,0,0,0,Summer,1,0,0,1,0,0,0
2016-12-02,4,12,0,,0,0,1,Summer,1,0,0,2,0,0,0
2016-12-03,5,12,0,,0,1,0,Summer,1,0,0,3,0,0,0
2016-12-04,6,12,0,,0,1,0,Summer,1,0,0,4,0,0,0
2016-12-05,0,12,0,,0,0,0,Summer,1,0,0,5,0,0,0
2016-12-06,1,12,0,,0,0,0,Summer,1,0,0,6,0,0,0
2016-12-07,2,12,0,,0,0,0,Summer,1,0,0,7,0,0,0
2016-12-08,3,12,0,,0,0,0,Summer,1,0,0,8,0,0,0
2016-12-09,4,12,0,,0,0,1,Summer,1,0,0,9,0,0,0
2016-12-10,5,12,0,,0,1,0,Summer,1,0,0,10,0,0,0
2016-12-11,6,12,0,,0,1,0,Summer,1,0,0,11,0,0,0
2016-12-12,0,12,0,,0,0,0,Summer,1,0,0,12,0,0,0
2016-12-13,1,12,0,,0,0,0,Summer,1,0,0,13,0,0,0
2016-12-14,2,12,0,,0,0,0,Summer,1,0,0,14,1,0,0
2016-12-15,3,12,0,,0,0,0,Summer,1,0,0,15,1,0,0
2016-12-16,4,12,0,,0,0,1,Summer,1,0,0,16,1,0,0
2016-12-17,5,12,0,,0,1,0,Summer,1,0,0,17,0,0,0
2016-12-18,6,12,0,,0,1,0,Summer,1,0,0,18,0,0,0
2016-12-19,0,12,0,,0,0,0,Summer,1,0,0,19,0,0,0
2016-12-20,1,12,0,,0,0,0,Summer,1,0,0,20,0,0,0
2016-12-21,2,12,0,,0,0,0,Summer,1,0,0,21,0,0,0
2016-12-22,3,12,0,,0,0,0,Summer,1,0,0,22,0,0,0
2016-12-23,4,12,0,,0,0,1,Summer,1,0,0,23,0,0,0
2016-12-24,5,12,0,,0,1,0,Summer,1,0,0,24,0,0,0
2016-12-25,6,12,1,Natal,0,1,0,Summer,1,0,1,25,0,0,0
2016-12-26,0,12,0,,0,0,0,Summer,1,0,0,26,0,0,0
2016-12-27,1,12,0,,0,0,0,Summer,1,0,0,27,0,0,0
2016-12-28,2,12,0,,0,0,0,Summer,1,0,0,28,0,0,0
2016-12-29,3,12,0,,0,0,0,Summer,1,0,0,29,0,1,0
2016-12-30,4,12,0,,0,0,1,Summer,1,0,0,30,0,1,0
2016-12-31,5,12,0,,0,1,0,Summer,1,0,0,31,0,1,0
2017-01-01,6,1,1,Confraternização Universal,0,1,0,Summer,0,0,0,1,0,0,0
2017-01-02,0,1,0,,0,0,0,Summer,0,0,0,2,0,0,0
2017-01-03,1,1,0,,0,0,0,Summer,0,0,0,3,0,0,0
2017-01-04,2,1,0,,0,0,0,Summer,0,0,0,4,0,0,0
2017-01-05,3,1,0,,0,0,0,Summer,0,0,0,5,0,0,0
2017-01-06,4,1,0,,0,0,1,Summer,0,0,0,6,0,0,0
2017-01-07,5,1,0,,0,1,0,Summer,0,0,0,7,0,0,0
2017-01-08,6,1,0,,0,1,0,Summer,0,0,0,8,0,0,0
2017-01-09,0,1,0,,0,0,0,Summer,0,0,0,9,0,0,0
2017-01-10,1,1,0,,0,0,0,Summer,0,0,0,10,0,0,0
2017-01-11,2,1,0,,0,0,0,Summer,0,0,0,11,0,0,0
2017-01-12,3,1,0,,0,0,0,Summer,0,0,0,12,0,0,0
2017-01-13,4,1,0,,0,0,1,Summer,0,0,0,13,0,0,0
2017-01-14,5,1,0,,0,1,0,Summer,0,0,0,14,1,0,0
2017-01-15,6,1,0,,0,1,0,Summer,0,0,0,15,1,0,0
2017-01-16,0,1,0,,0,0,0,Summer,0,0,0,16,1,0,0
2017-01-17,1,1,0,,0,0,0,Summer,0,0,0,17,0,0,0
2017-01-18,2,1,0,,0,0,0,Summer,0,0,0,18,0,0,0
2017-01-19,3,1,0,,0,0,0,Summer,0,0,0,19,0,0,0
2017-01-20,4,1,0,,0,0,1,Summer,0,0,0,20,0,0,0
2017-01-21,5,1,0,,0,1,0,Summer,0,0,0,21,0,0,0
2017-01-22,6,1,0,,0,1,0,Summer,0,0,0,22,0,0,0
2017-01-23,0,1,0,,0,0,0,Summer,0,0,0,23,0,0,0
2017-01-24,1,1,0,,0,0,0,Summer,0,0,0,24,0,0,1
2017-01-25,2,1,0,,0,0,0,Summer,0,0,0,25,0,0,0
2017-01-26,3,1,0,,0,0,0,Summer,0,0,0,26,0,0,0
2017-01-27,4,1,0,,0,0,1,Summer,0,0,0,27,0,0,0
2017-01-28,5,1,0,,0,1,0,Summer,0,0,0,28,0,0,0
2017-01-29,6,1,0,,0,1,0,Summer,0,0,0,29,0,1,0
2017-01-30,0,1,0,,0,0,0,Summer,0,0,0,30,0,1,0
2017-01-31,1,1,0,,0,0,0,Summer,0,0,0,31,0,1,0
2017-02-01,2,2,0,,0,0,0,Summer,0,0,0,1,0,0,0
2017-02-02,3,2,0,,0,0,0,Summer,0,0,0,2,0,0,0
2017-02-03,4,2,0,,0,0,1,Summer,0,0,0,3,0,0,0
2017-02-04,5,2,0,,0,1,0,Summer,0,0,0,4,0,0,0
2017-02-05,6,2,0,,0,1,0,Summer,0,0,0,5,0,0,0
2017-02-06,0,2,0,,0,0,0,Summer,0,0,0,6,0,0,0
2017-02-07,1,2,0,,0,0,0,Summer,0,0,0,7,0,0,0
2017-02-08,2,2,0,,0,0,0,Summer,0,0,0,8,0,0,0
2017-02-09,3,2,0,,0,0,0,Summer,0,0,0,9,0,0,0
2017-02-10,4,2,0,,0,0,1,Summer,0,0,0,10,0,0,0
2017-02-11,5,2,0,,0,1,0,Summer,0,0,0,11,0,0,0
2017-02-12,6,2,0,,0,1,0,Summer,0,0,0,12,0,0,0
2017-02-13,0,2,0,,0,0,0,Summer,0,0,0,13,0,0,0
2017-02-14,1,2,0,,0,0,0,Summer,0,0,0,14,1,0,0
2017-02-15,2,2,0,,0,0,0,Summer,0,0,0,15,1,0,0
2017-02-16,3,2,0,,0,0,0,Summer,0,0,0,16,1,0,0
2017-02-17,4,2,0,,0,0,1,Summer,0,0,0,17,0,0,0
2017-02-18,5,2,0,,0,1,0,Summer,0,0,0,18,0,0,0
2017-02-19,6,2,0,,0,1,0,Summer,0,0,0,19,0,0,0
2017-02-20,0,2,0,,0,0,0,Summer,0,0,0,20,0,0,0
2017-02-21,1,2,0,,0,0,0,Summer,0,0,0,21,0,0,0
2017-02-22,2,2,0,,0,0,0,Summer,0,0,0,22,0,0,0
2017-02-23,3,2,0,,0,0,0,Summer,0,0,0,23,0,0,0
2017-02-24,4,2,0,,0,0,1,Summer,0,0,0,24,0,0,1
2017-02-25,5,2,0,,0,1,0,Summer,0,0,0,25,0,0,0
2017-02-26,6,2,0,,0,1,0,Summer,0,0,0,26,0,1,0
2017-02-27,0,2,0,,0,0,0,Summer,0,0,0,27,0,1,0
2017-02-28,1,2,0,,0,0,0,Summer,0,0,0,28,0,1,0
2017-03-01,2,3,0,,0,0,0,Autumn,0,0,0,1,0,0,0
2017-03-02,3,3,0,,0,0,0,Autumn,0,0,0,2,0,0,0
2017-03-03,4,3,0,,0,0,1,Autumn,0,0,0,3,0,0,0
2017-03-04,5,3,0,,0,1,0,Autumn,0,0,0,4,0,0,0
2017-03-05,6,3,0,,0,1,0,Autumn,0,0,0,5,0,0,0
2017-03-06,0,3,0,,0,0,0,Autumn,0,0,0,6,0,0,0
2017-03-07,1,3,0,,0,0,0,Autumn,0,0,0,7,0,0,0
2017-03-08,2,3,0,,0,0,0,Autumn,0,0,0,8,0,0,0
2017-03-09,3,3,0,,0,0,0,Autumn,0,0,0,9,0,0,0
2017-03-10,4,3,0,,0,0,1,Autumn,0,0,0,10,0,0,0
2017-03-11,5,3,0,,0,1,0,Autumn,0,0,0,11,0,0,0
2017-03-12,6,3,0,,0,1,0,Autumn,0,0,0,12,0,0,0
2017-03-13,0,3,0,,0,0,0,Autumn,0,0,0,13,0,0,0
2017-03-14,1,3,0,,0,0,0,Autumn,0,0,0,14,1,0,0
2017-03-15,2,3,0,,0,0,0,Autumn,0,0,0,15,1,0,0
2017-03-16,3,3,0,,0,0,0,Autumn,0,0,0,16,1,0,0
2017-03-17,4,3,0,,0,0,1,Autumn,0,0,0,17,0,0,0
2017-03-18,5,3,0,,0,1,0,Autumn,0,0,0,18,0,0,0
2017-03-19,6,3,0,,0,1,0,Autumn,0,0,0,19,0,0,0
2017-03-20,0,3,0,,0,0,0,Autumn,0,0,0,20,0,0,0
2017-03-21,1,3,0,,0,0,0,Autumn,0,0,0,21,0,0,0
2017-03-22,2,3,0,,0,0,0,Autumn,0,0,0,22,0,0,0
2017-03-23,3,3,0,,0,0,0,Autumn,0,0,0,23,0,0,0
2017-03-24,4,3,0,,0,0,1,Autumn,0,0,0,24,0,0,1
2017-03-25,5,3,0,,0,1,0,Autumn,0,0,0,25,0,0,0
2017-03-26,6,3,0,,0,1,0,Autumn,0,0,0,26,0,0,0
2017-03-27,0,3,0,,0,0,0,Autumn,0,0,0,27,0,0,0
2017-03-28,1,3,0,,0,0,0,Autumn,0,0,0,28,0,0,0
2017-03-29,2,3,0,,0,0,0,Autumn,0,0,0,29,0,1,0
2017-03-30,3,3,0,,0,0,0,Autumn,0,0,0,30,0,1,0
2017-03-31,4,3,0,,0,0,1,Autumn,0,0,0,31,0,1,0
2017-04-01,5,4,0,,0,1,0,Autumn,0,0,0,1,0,0,0
2017-04-02,6,4,0,,0,1,0,Autumn,0,0,0,2,0,0,0
2017-04-03,0,4,0,,0,0,0,Autumn,0,0,0,3,0,0,0
2017-04-04,1,4,0,,0,0,0,Autumn,0,0,0,4,0,0,0
2017-04-05,2,4,0,,0,0,0,Autumn,0,0,0,5,0,0,0
2017-04-06,3,4,0,,0,0,0,Autumn,0,0,0,6,0,0,0
2017-04-07,4,4,0,,0,0,1,Autumn,0,0,0,7,0,0,0
2017-04-08,5,4,0,,0,1,0,Autumn,0,0,0,8,0,0,0
2017-04-09,6,4,0,,0,1,0,Autumn,0,0,0,9,0,0,0
2017-04-10,0,4,0,,0,0,0,Autumn,0,0,0,10,0,0,0
2017-04-11,1,4,0,,0,0,0,Autumn,0,0,0,11,0,0,0
2017-04-12,2,4,0,,0,0,0,Autumn,0,0,0,12,0,0,0
2017-04-13,3,4,0,,0,0,0,Autumn,0,0,0,13,0,0,0
2017-04-14,4,4,1,Sexta-feira Santa,0,0,1,Autumn,0,0,0,14,1,0,0
2017-04-15,5,4,0,,0,1,0,Autumn,0,0,0,15,1,0,0
2017-04-16,6,4,0,,0,1,0,Autumn,0,0,0,16,1,0,0
2017-04-17,0,4,0,,0,0,0,Autumn,0,0,0,17,0,0,0
2017-04-18,1,4,0,,0,0,0,Autumn,0,0,0,18,0,0,0
2017-04-19,2,4,0,,0,0,0,Autumn,0,0,0,19,0,0,0
2017-04-20,3,4,0,,0,0,0,Autumn,0,0,0,20,0,0,0
2017-04-21,4,4,1,Tiradentes,0,0,1,Autumn,0,0,0,21,0,0,0
2017-04-22,5,4,0,,0,1,0,Autumn,0,0,0,22,0,0,0
2017-04-23,6,4,0,,0,1,0,Autumn,0,0,0,23,0,0,0
2017-04-24,0,4,0,,0,0,0,Autumn,0,0,0,24,0,0,1
2017-04-25,1,4,0,,0,0,0,Autumn,0,0,0,25,0,0,0
2017-04-26,2,4,0,,0,0,0,Autumn,0,0,0,26,0,0,0
2017-04-27,3,4,0,,0,0,0,Autumn,0,0,0,27,0,0,0
2017-04-28,4,4,0,,0,0,1,Autumn,0,0,0,28,0,1,0
2017-04-29,5,4,0,,0,1,0,Autumn,0,0,0,29,0,1,0
2017-04-30,6,4,0,,0,1,0,Autumn,0,0,0,30,0,1,0
2017-05-01,0,5,1,Dia do Trabalhador,0,0,0,Autumn,0,0,0,1,0,0,0
2017-05-02,1,5,0,,0,0,0,Autumn,0,0,0,2,0,0,0
2017-05-03,2,5,0,,0,0,0,Autumn,0,0,0,3,0,0,0
2017-05-04,3,5,0,,0,0,0,Autumn,0,0,0,4,0,0,0
2017-05-05,4,5,0,,0,0,1,Autumn,0,0,0,5,0,0,0
2017-05-06,5,5,0,,0,1,0,Autumn,0,0,0,6,0,0,0
2017-05-07,6,5,0,,0,1,0,Autumn,0,0,0,7,0,0,0
2017-05-08,0,5,0,,0,0,0,Autumn,0,0,0,8,0,0,0
2017-05-09,1,5,0,,0,0,0,Autumn,0,0,0,9,0,0,0
2017-05-10,2,5,0,,0,0,0,Autumn,0,0,0,10,0,0,0
2017-05-11,3,5,0,,0,0,0,Autumn,0,0,0,11,0,0,0
2017-05-12,4,5,0,,0,0,1,Autumn,0,0,0,12,0,0,0
2017-05-13,5,5,0,,0,1,0,Autumn,0,0,0,13,0,0,0
2017-05-14,6,5,0,,0,1,0,Autumn,0,0,1,14,1,0,0
2017-05-15,0,5,0,,0,0,0,Autumn,0,0,0,15,1,0,0
2017-05-16,1,5,0,,0,0,0,Autumn,0,0,0,16,1,0,0
2017-05-17,2,5,0,,0,0,0,Autumn,0,0,0,17,0,0,0
2017-05-18,3,5,0,,0,0,0,Autumn,0,0,0,18,0,0,0
2017-05-19,4,5,0,,0,0,1,Autumn,0,0,0,19,0,0,0
2017-05-20,5,5,0,,0,1,0,Autumn,0,0,0,20,0,0,0
2017-05-21,6,5,0,,0,1,0,Autumn,0,0,0,21,0,0,0
2017-05-22,0,5,0,,0,0,0,Autumn,0,0,0,22,0,0,0
2017-05-23,1,5,0,,0,0,0,Autumn,0,0,0,23,0,0,0
2017-05-24,2,5,0,,0,0,0,Autumn,0,0,0,24,0,0,1
2017-05-25,3,5,0,,0,0,0,Autumn,0,0,0,25,0,0,0
2017-05-26,4,5,0,,0,0,1,Autumn,0,0,0,26,0,0,0
2017-05-27,5,5,0,,0,1,0,Autumn,0,0,0,27,0,0,0
2017-05-28,6,5,0,,0,1,0,Autumn,0,0,0,28,0,0,0
2017-05-29,0,5,0,,0,0,0,Autumn,0,0,0,29,0,1,0
2017-05-30,1,5,0,,0,0,0,Autumn,0,0,0,30,0,1,0
2017-05-31,2,5,0,,0,0,0,Autumn,0,0,0,31,0,1,0
2017-06-01,3,6,0,,0,0,0,Winter,0,0,0,1,0,0,0
2017-06-02,4,6,0,,0,0,1,Winter,0,0,0,2,0,0,0
2017-06-03,5,6,0,,0,1,0,Winter,0,0,0,3,0,0,0
2017-06-04,6,6,0,,0,1,0,Winter,0,0,0,4,0,0,0
2017-06-05,0,6,0,,0,0,0,Winter,0,0,0,5,0,0,0
2017-06-06,1,6,0,,0,0,0,Winter,0,0,0,6,0,0,0
2017-06-07,2,6,0,,0,0,0,Winter,0,0,0,7,0,0,0
2017-06-08,3,6,0,,0,0,0,Winter,0,0,0,8,0,0,0
2017-06-09,4,6,0,,0,0,1,Winter,0,0,0,9,0,0,0
2017-06-10,5,6,0,,0,1,0,Winter,0,0,0,10,0,0,0
2017-06-11,6,6,0,,0,1,0,Winter,0,0,0,11,0,0,0
2017-06-12,0,6,0,,0,0,0,Winter,0,0,0,12,0,0,0
2017-06-13,1,6,0,,0,0,0,Winter,0,0,0,13,0,0,0
2017-06-14,2,6,0,,0,0,0,Winter,0,0,0,14,1,0,0
2017-06-15,3,6,0,,0,0,0,Winter,0,0,0,15,1,0,0
2017-06-16,4,6,0,,0,0,1,Winter,0,0,0,16,1,0,0
2017-06-17,5,6,0,,0,1,0,Winter,0,0,0,17,0,0,0
2017-06-18,6,6,0,,0,1,0,Winter,0,0,0,18,0,0,0
2017-06-19,0,6,0,,0,0,0,Winter,0,0,0,19,0,0,0
2017-06-20,1,6,0,,0,0,0,Winter,0,0,0,20,0,0,0
2017-06-21,2,6,0,,0,0,0,Winter,0,0,0,21,0,0,0
2017-06-22,3,6,0,,0,0,0,Winter,0,0,0,22,0,0,0
2017-06-23,4,6,0,,0,0,1,Winter,0,0,0,23,0,0,0
2017-06-24,5,6,0,,0,1,0,Winter,0,0,0,24,0,0,1
2017-06-25,6,6,0,,0,1,0,Winter,0,0,0,25,0,0,0
2017-06-26,0,6,0,,0,0,0,Winter,0,0,0,26,0,0,0
2017-06-27,1,6,0,,0,0,0,Winter,0,0,0,27,0,0,0
2017-06-28,2,6,0,,0,0,0,Winter,0,0,0,28,0,1,0
2017-06-29,3,6,0,,0,0,0,Winter,0,0,0,29,0,1,0
2017-06-30,4,6,0,,0,0,1,Winter,0,0,0,30,0,1,0
2017-07-01,5,7,0,,0,1,0,Winter,0,0,0,1,0,0,0
2017-07-02,6,7,0,,0,1,0,Winter,0,0,0,2,0,0,0
2017-07-03,0,7,0,,0,0,0,Winter,0,0,0,3,0,0,0
2017-07-04,1,7,0,,0,0,0,Winter,0,0,0,4,0,0,0
2017-07-05,2,7,0,,0,0,0,Winter,0,0,0,5,0,0,0
2017-07-06,3,7,0,,0,0,0,Winter,0,0,0,6,0,0,0
2017-07-07,4,7,0,,0,0,1,Winter,0,0,0,7,0,0,0
2017-07-08,5,7,0,,0,1,0,Winter,0,0,0,8,0,0,0
2017-07-09,6,7,0,,0,1,0,Winter,0,0,0,9,0,0,0
2017-07-10,0,7,0,,0,0,0,Winter,0,0,0,10,0,0,0
2017-07-11,1,7,0,,0,0,0,Winter,0,0,0,11,0,0,0
2017-07-12,2,7,0,,0,0,0,Winter,0,0,0,12,0,0,0
2017-07-13,3,7,0,,0,0,0,Winter,0,0,0,13,0,0,0
2017-07-14,4,7,0,,0,0,1,Winter,0,0,0,14,1,0,0
2017-07-15,5,7,0,,0,1,0,Winter,0,0,0,15,1,0,0
2017-07-16,6,7,0,,0,1,0,Winter,0,0,0,16,1,0,0
2017-07-17,0,7,0,,0,0,0,Winter,0,0,0,17,0,0,0
2017-07-18,1,7,0,,0,0,0,Winter,0,0,0,18,0,0,0
2017-07-19,2,7,0,,0,0,0,Winter,0,0,0,19,0,0,0
2017-07-20,3,7,0,,0,0,0,Winter,0,0,0,20,0,0,0
2017-07-21,4,7,0,,0,0,1,Winter,0,0,0,21,0,0,0
2017-07-22,5,7,0,,0,1,0,Winter,0,0,0,22,0,0,0
2017-07-23,6,7,0,,0,1,0,Winter,0,0,0,23,0,0,0
2017-07-24,0,7,0,,0,0,0,Winter,0,0,0,24,0,0,1
2017-07-25,1,7,0,,0,0,0,Winter,0,0,0,25,0,0,0
2017-07-26,2,7,0,,0,0,0,Winter,0,0,0,26,0,0,0
2017-07-27,3,7,0,,0,0,0,Winter,0,0,0,27,0,0,0
2017-07-28,4,7,0,,0,0,1,Winter,0,0,0,28,0,0,0
2017-07-29,5,7,0,,0,1,0,Winter,0,0,0,29,0,1,0
2017-07-30,6,7,0,,0,1,0,Winter,0,0,0,30,0,1,0
2017-07-31,0,7,0,,0,0,0,Winter,0,0,0,31,0,1,0
2017-08-01,1,8,0,,0,0,0,Winter,0,0,0,1,0,0,0
2017-08-02,2,8,0,,0,0,0,Winter,0,0,0,2,0,0,0
2017-08-03,3,8,0,,0,0,0,Winter,0,0,0,3,0,0,0
2017-08-04,4,8,0,,0,0,1,Winter,0,0,0,4,0,0,0
2017-08-05,5,8,0,,0,1,0,Winter,0,0,0,5,0,0,0
2017-08-06,6,8,0,,0,1,0,Winter,0,0,0,6,0,0,0
2017-08-07,0,8,0,,0,0,0,Winter,0,0,0,7,0,0,0
2017-08-08,1,8,0,,0,0,0,Winter,0,0,0,8,0,0,0
2017-08-09,2,8,0,,0,0,0,Winter,0,0,0,9,0,0,0
2017-08-10,3,8,0,,0,0,0,Winter,0,0,0,10,0,0,0
2017-08-11,4,8,0,,0,0,1,Winter,0,0,0,11,0,0,0
2017-08-12,5,8,0,,0,1,0,Winter,0,0,0,12,0,0,0
2017-08-13,6,8,0,,0,1,0,Winter,0,0,1,13,0,0,0
2017-08-14,0,8,0,,0,0,0,Winter,0,0,0,14,1,0,0
2017-08-15,1,8,0,,0,0,0,Winter,0,0,0,15,1,0,0
2017-08-16,2,8,0,,0,0,0,Winter,0,0,0,16,1,0,0
2017-08-17,3,8,0,,0,0,0,Winter,0,0,0,17,0,0,0
2017-08-18,4,8,0,,0,0,1,Winter,0,0,0,18,0,0,0
2017-08-19,5,8,0,,0,1,0,Winter,0,0,0,19,0,0,0
2017-08-20,6,8,0,,0,1,0,Winter,0,0,0,20,0,0,0
2017-08-21,0,8,0,,0,0,0,Winter,0,0,0,21,0,0,0
2017-08-22,1,8,0,,0,0,0,Winter,0,0,0,22,0,0,0
2017-08-23,2,8,0,,0,0,0,Winter,0,0,0,23,0,0,0
2017-08-24,3,8,0,,0,0,0,Winter,0,0,0,24,0,0,1
2017-08-25,4,8,0,,0,0,1,Winter,0,0,0,25,0,0,0
2017-08-26,5,8,0,,0,1,0,Winter,0,0,0,26,0,0,0
2017-08-27,6,8,0,,0,1,0,Winter,0,0,0,27,0,0,0
2017-08-28,0,8,0,,0,0,0,Winter,0,0,0,28,0,0,0
2017-08-29,1,8,0,,0,0,0,Winter,0,0,0,29,0,1,0
2017-08-30,2,8,0,,0,0,0,Winter,0,0,0,30,0,1,0
2017-08-31,3,8,0,,0,0,0,Winter,0,0,0,31,0,1,0
2017-09-01,4,9,0,,0,0,1,Spring,0,0,0,1,0,0,0
2017-09-02,5,9,0,,0,1,0,Spring,0,0,0,2,0,0,0
2017-09-03,6,9,0,,0,1,0,Spring,0,0,0,3,0,0,0
2017-09-04,0,9,0,,0,0,0,Spring,0,0,0,4,0,0,0
2017-09-05,1,9,0,,0,0,0,Spring,0,0,0,5,0,0,0
2017-09-06,2,9,0,,0,0,0,Spring,0,0,0,6,0,0,0
2017-09-07,3,9,1,Independência do Brasil,0,0,0,Spring,0,0,0,7,0,0,0
2017-09-08,4,9,0,,0,0,1,Spring,0,0,0,8,0,0,0
2017-09-09,5,9,0,,0,1,0,Spring,0,0,0,9,0,0,0
2017-09-10,6,9,0,,0,1,0,Spring,0,0,0,10,0,0,0
2017-09-11,0,9,0,,0,0,0,Spring,0,0,0,11,0,0,0
2017-09-12,1,9,0,,0,0,0,Spring,0,0,0,12,0,0,0
2017-09-13,2,9,0,,0,0,0,Spring,0,0,0,13,0,0,0
2017-09-14,3,9,0,,0,0,0,Spring,0,0,0,14,1,0,0
2017-09-15,4,9,0,,0,0,1,Spring,0,0,0,15,1,0,0
2017-09-16,5,9,0,,0,1,0,Spring,0,0,0,16,1,0,0
2017-09-17,6,9,0,,0,1,0,Spring,0,0,0,17,0,0,0
2017-09-18,0,9,0,,0,0,0,Spring,0,0,0,18,0,0,0
2017-09-19,1,9,0,,0,0,0,Spring,0,0,0,19,0,0,0
2017-09-20,2,9,0,,0,0,0,Spring,0,0,0,20,0,0,0
2017-09-21,3,9,0,,0,0,0,Spring,0,0,0,21,0,0,0
2017-09-22,4,9,0,,0,0,1,Spring,0,0,0,22,0,0,0
2017-09-23,5,9,0,,0,1,0,Spring,0,0,0,23,0,0,0
2017-09-24,6,9,0,,0,1,0,Spring,0,0,0,24,0,0,1
2017-09-25,0,9,0,,0,0,0,Spring,0,0,0,25,0,0,0
2017-09-26,1,9,0,,0,0,0,Spring,0,0,0,26,0,0,0
2017-09-27,2,9,0,,0,0,0,Spring,0,0,0,27,0,0,0
2017-09-28,3,9,0,,0,0,0,Spring,0,0,0,28,0,1,0
2017-09-29,4,9,0,,0,0,1,Spring,0,0,0,29,0,1,0
2017-09-30,5,9,0,,0,1,0,Spring,0,0,0,30,0,1,0
2017-10-01,6,10,0,,0,1,0,Spring,0,0,0,1,0,0,0
2017-10-02,0,10,0,,0,0,0,Spring,0,0,0,2,0,0,0
2017-10-03,1,10,0,,0,0,0,Spring,0,0,0,3,0,0,0
2017-10-04,2,10,0,,0,0,0,Spring,0,0,0,4,0,0,0
2017-10-05,3,10,0,,0,0,0,Spring,0,0,0,5,0,0,0
2017-10-06,4,10,0,,0,0,1,Spring,0,0,0,6,0,0,0
2017-10-07,5,10,0,,0,1,0,Spring,0,0,0,7,0,0,0
2017-10-08,6,10,0,,0,1,0,Spring,0,0,0,8,0,0,0
2017-10-09,0,10,0,,0,0,0,Spring,0,0,0,9,0,0,0
2017-10-10,1,10,0,,0,0,0,Spring,0,0,0,10,0,0,0
2017-10-11,2,10,0,,0,0,0,Spring,0,0,0,11,0,0,0
2017-10-12,3,10,1,Nossa Senhora Aparecida,0,0,0,Spring,0,0,0,12,0,0,0
2017-10-13,4,10,0,,0,0,1,Spring,0,0,0,13,0,0,0
2017-10-14,5,10,0,,0,1,0,Spring,0,0,0,14,1,0,0
2017-10-15,6,10,0,,0,1,0,Spring,0,0,0,15,1,0,0
2017-10-16,0,10,0,,0,0,0,Spring,0,0,0,16,1,0,0
2017-10-17,1,10,0,,0,0,0,Spring,0,0,0,17,0,0,0
2017-10-18,2,10,0,,0,0,0,Spring,0,0,0,18,0,0,0
2017-10-19,3,10,0,,0,0,0,Spring,0,0,0,19,0,0,0
2017-10-20,4,10,0,,0,0,1,Spring,0,0,0,20,0,0,0
2017-10-21,5,10,0,,0,1,0,Spring,0,0,0,21,0,0,0
2017-10-22,6,10,0,,0,1,0,Spring,0,0,0,22,0,0,0
2017-10-23,0,10,0,,0,0,0,Spring,0,0,0,23,0,0,0
2017-10-24,1,10,0,,0,0,0,Spring,0,0,0,24,0,0,1
2017-10-25,2,10,0,,0,0,0,Spring,0,0,0,25,0,0,0
2017-10-26,3,10,0,,0,0,0,Spring,0,0,0,26,0,0,0
2017-10-27,4,10,0,,0,0,1,Spring,0,0,0,27,0,0,0
2017-10-28,5,10,0,,0,1,0,Spring,0,0,0,28,0,0,0
2017-10-29,6,10,0,,0,1,0,Spring,0,0,0,29,0,1,0
2017-10-30,0,10,0,,0,0,0,Spring,0,0,0,30,0,1,0
2017-10-31,1,10,0,,0,0,0,Spring,0,0,0,31,0,1,0
2017-11-01,2,11,0,,0,0,0,Spring,0,0,0,1,0,0,0
2017-11-02,3,11,1,Finados,0,0,0,Spring,0,0,0,2,0,0,0
2017-11-03,4,11,0,,0,0,1,Spring,0,0,0,3,0,0,0
2017-11-04,5,11,0,,0,1,0,Spring,0,0,0,4,0,0,0
2017-11-05,6,11,0,,0,1,0,Spring,0,0,0,5,0,0,0
2017-11-06,0,11,0,,0,0,0,Spring,0,0,0,6,0,0,0
2017-11-07,1,11,0,,0,0,0,Spring,0,0,0,7,0,0,0
2017-11-08,2,11,0,,0,0,0,Spring,0,0,0,8,0,0,0
2017-11-09,3,11,0,,0,0,0,Spring,0,0,0,9,0,0,0
2017-11-10,4,11,0,,0,0,1,Spring,0,0,0,10,0,0,0
2017-11-11,5,11,0,,0,1,0,Spring,0,0,0,11,0,0,0
2017-11-12,6,11,0,,0,1,0,Spring,0,0,0,12,0,0,0
2017-11-13,0,11,0,,0,0,0,Spring,0,0,0,13,0,0,0
2017-11-14,1,11,0,,0,0,0,Spring,0,0,0,14,1,0,0
2017-11-15,2,11,1,Proclamação da República,0,0,0,Spring,0,0,0,15,1,0,0
2017-11-16,3,11,0,,0,0,0,Spring,0,0,0,16,1,0,0
2017-11-17,4,11,0,,0,0,1,Spring,0,0,0,17,0,0,0
2017-11-18,5,11,0,,0,1,0,Spring,0,0,0,18,0,0,0
2017-11-19,6,11,0,,0,1,0,Spring,0,0,0,19,0,0,0
2017-11-20,0,11,0,,0,0,0,Spring,0,0,0,20,0,0,0
2017-11-21,1,11,0,,0,0,0,Spring,0,0,0,21,0,0,0
2017-11-22,2,11,0,,0,0,0,Spring,0,0,0,22,0,0,0
2017-11-23,3,11,0,,0,0,0,Spring,0,0,0,23,0,0,0
2017-11-24,4,11,0,,0,0,1,Spring,0,0,1,24,0,0,1
2017-11-25,5,11,0,,0,1,0,Spring,0,0,0,25,0,0,0
2017-11-26,6,11,0,,0,1,0,Spring,0,0,0,26,0,0,0
2017-11-27,0,11,0,,0,0,0,Spring,0,0,0,27,0,0,0
2017-11-28,1,11,0,,0,0,0,Spring,0,0,0,28,0,1,0
2017-11-29,2,11,0,,0,0,0,Spring,0,0,0,29,0,1,0
2017-11-30,3,11,0,,0,0,0,Spring,0,0,0,30,0,1,0
2017-12-01,4,12,0,,0,0,1,Summer,1,0,0,1,0,0,0
2017-12-02,5,12,0,,0,1,0,Summer,1,0,0,2,0,0,0
2017-12-03,6,12,0,,0,1,0,Summer,1,0,0,3,0,0,0
2017-12-04,0,12,0,,0,0,0,Summer,1,0,0,4,0,0,0
2017-12-05,1,12,0,,0,0,0,Summer,1,0,0,5,0,0,0
2017-12-06,2,12,0,,0,0,0,Summer,1,0,0,6,0,0,0
2017-12-07,3,12,0,,0,0,0,Summer,1,0,0,7,0,0,0
2017-12-08,4,12,0,,0,0,1,Summer,1,0,0,8,0,0,0
2017-12-09,5,12,0,,0,1,0,Summer,1,0,0,9,0,0,0
2017-12-10,6,12,0,,0,1,0,Summer,1,0,0,10,0,0,0
2017-12-11,0,12,0,,0,0,0,Summer,1,0,0,11,0,0,0
2017-12-12,1,12,0,,0,0,0,Summer,1,0,0,12,0,0,0
2017-12-13,2,12,0,,0,0,0,Summer,1,0,0,13,0,0,0
2017-12-14,3,12,0,,0,0,0,Summer,1,0,0,14,1,0,0
2017-12-15,4,12,0,,0,0,1,Summer,1,0,0,15,1,0,0
2017-12-16,5,12,0,,0,1,0,Summer,1,0,0,16,1,0,0
2017-12-17,6,12,0,,0,1,0,Summer,1,0,0,17,0,0,0
2017-12-18,0,12,0,,0,0,0,Summer,1,0,0,18,0,0,0
2017-12-19,1,12,0,,0,0,0,Summer,1,0,0,19,0,0,0
2017-12-20,2,12,0,,0,0,0,Summer,1,0,0,20,0,0,0
2017-12-21,3,12,0,,0,0,0,Summer,1,0,0,21,0,0,0
2017-12-22,4,12,0,,0,0,1,Summer,1,0,0,22,0,0,0
2017-12-23,5,12,0,,0,1,0,Summer,1,0,0,23,0,0,0
2017-12-24,6,12,0,,0,1,0,Summer,1,0,0,24,0,0,0
2017-12-25,0,12,1,Natal,0,0,0,Summer,1,0,1,25,0,0,0
2017-12-26,1,12,0,,0,0,0,Summer,1,0,0,26,0,0,0
2017-12-27,2,12,0,,0,0,0,Summer,1,0,0,27,0,0,0
2017-12-28,3,12,0,,0,0,0,Summer,1,0,0,28,0,0,0
2017-12-29,4,12,0,,0,0,1,Summer,1,0,0,29,0,1,0
2017-12-30,5,12,0,,0,1,0,Summer,1,0,0,30,0,1,0
2017-12-31,6,12,0,,0,1,0,Summer,1,0,0,31,0,1,0
2018-01-01,0,1,1,Confraternização Universal,0,0,0,Summer,0,0,0,1,0,0,0
2018-01-02,1,1,0,,0,0,0,Summer,0,0,0,2,0,0,0
2018-01-03,2,1,0,,0,0,0,Summer,0,0,0,3,0,0,0
2018-01-04,3,1,0,,0,0,0,Summer,0,0,0,4,0,0,0
2018-01-05,4,1,0,,0,0,1,Summer,0,0,0,5,0,0,0
2018-01-06,5,1,0,,0,1,0,Summer,0,0,0,6,0,0,0
2018-01-07,6,1,0,,0,1,0,Summer,0,0,0,7,0,0,0
2018-01-08,0,1,0,,0,0,0,Summer,0,0,0,8,0,0,0
2018-01-09,1,1,0,,0,0,0,Summer,0,0,0,9,0,0,0
2018-01-10,2,1,0,,0,0,0,Summer,0,0,0,10,0,0,0
2018-01-11,3,1,0,,0,0,0,Summer,0,0,0,11,0,0,0
2018-01-12,4,1,0,,0,0,1,Summer,0,0,0,12,0,0,0
2018-01-13,5,1,0,,0,1,0,Summer,0,0,0,13,0,0,0
2018-01-14,6,1,0,,0,1,0,Summer,0,0,0,14,1,0,0
2018-01-15,0,1,0,,0,0,0,Summer,0,0,0,15,1,0,0
2018-01-16,1,1,0,,0,0,0,Summer,0,0,0,16,1,0,0
2018-01-17,2,1,0,,0,0,0,Summer,0,0,0,17,0,0,0
2018-01-18,3,1,0,,0,0,0,Summer,0,0,0,18,0,0,0
2018-01-19,4,1,0,,0,0,1,Summer,0,0,0,19,0,0,0
2018-01-20,5,1,0,,0,1,0,Summer,0,0,0,20,0,0,0
2018-01-21,6,1,0,,0,1,0,Summer,0,0,0,21,0,0,0
2018-01-22,0,1,0,,0,0,0,Summer,0,0,0,22,0,0,0
2018-01-23,1,1,0,,0,0,0,Summer,0,0,0,23,0,0,0
2018-01-24,2,1,0,,0,0,0,Summer,0,0,0,24,0,0,1
2018-01-25,3,1,0,,0,0,0,Summer,0,0,0,25,0,0,0
2018-01-26,4,1,0,,0,0,1,Summer,0,0,0,26,0,0,0
2018-01-27,5,1,0,,0,1,0,Summer,0,0,0,27,0,0,0
2018-01-28,6,1,0,,0,1,0,Summer,0,0,0,28,0,0,0
2018-01-29,0,1,0,,0,0,0,Summer,0,0,0,29,0,1,0
2018-01-30,1,1,0,,0,0,0,Summer,0,0,0,30,0,1,0
2018-01-31,2,1,0,,0,0,0,Summer,0,0,0,31,0,1,0
2018-02-01,3,2,0,,0,0,0,Summer,0,0,0,1,0,0,0
2018-02-02,4,2,0,,0,0,1,Summer,0,0,0,2,0,0,0
2018-02-03,5,2,0,,0,1,0,Summer,0,0,0,3,0,0,0
2018-02-04,6,2,0,,0,1,0,Summer,0,0,0,4,0,0,0
2018-02-05,0,2,0,,0,0,0,Summer,0,0,0,5,0,0,0
2018-02-06,1,2,0,,0,0,0,Summer,0,0,0,6,0,0,0
2018-02-07,2,2,0,,0,0,0,Summer,0,0,0,7,0,0,0
2018-02-08,3,2,0,,0,0,0,Summer,0,0,0,8,0,0,0
2018-02-09,4,2,0,,0,0,1,Summer,0,0,0,9,0,0,0
2018-02-10,5,2,0,,0,1,0,Summer,0,0,0,10,0,0,0
2018-02-11,6,2,0,,0,1,0,Summer,0,0,0,11,0,0,0
2018-02-12,0,2,0,,0,0,0,Summer,0,0,0,12,0,0,0
2018-02-13,1,2,0,,0,0,0,Summer,0,0,0,13,0,0,0
2018-02-14,2,2,0,,0,0,0,Summer,0,0,0,14,1,0,0
2018-02-15,3,2,0,,0,0,0,Summer,0,0,0,15,1,0,0
2018-02-16,4,2,0,,0,0,1,Summer,0,0,0,16,1,0,0
2018-02-17,5,2,0,,0,1,0,Summer,0,0,0,17,0,0,0
2018-02-18,6,2,0,,0,1,0,Summer,0,0,0,18,0,0,0
2018-02-19,0,2,0,,0,0,0,Summer,0,0,0,19,0,0,0
2018-02-20,1,2,0,,0,0,0,Summer,0,0,0,20,0,0,0
2018-02-21,2,2,0,,0,0,0,Summer,0,0,0,21,0,0,0
2018-02-22,3,2,0,,0,0,0,Summer,0,0,0,22,0,0,0
2018-02-23,4,2,0,,0,0,1,Summer,0,0,0,23,0,0,0
2018-02-24,5,2,0,,0,1,0,Summer,0,0,0,24,0,0,1
2018-02-25,6,2,0,,0,1,0,Summer,0,0,0,25,0,0,0
2018-02-26,0,2,0,,0,0,0,Summer,0,0,0,26,0,1,0
2018-02-27,1,2,0,,0,0,0,Summer,0,0,0,27,0,1,0
2018-02-28,2,2,0,,0,0,0,Summer,0,0,0,28,0,1,0
2018-03-01,3,3,0,,0,0,0,Autumn,0,0,0,1,0,0,0
2018-03-02,4,3,0,,0,0,1,Autumn,0,0,0,2,0,0,0
2018-03-03,5,3,0,,0,1,0,Autumn,0,0,0,3,0,0,0
2018-03-04,6,3,0,,0,1,0,Autumn,0,0,0,4,0,0,0
2018-03-05,0,3,0,,0,0,0,Autumn,0,0,0,5,0,0,0
2018-03-06,1,3,0,,0,0,0,Autumn,0,0,0,6,0,0,0
2018-03-07,2,3,0,,0,0,0,Autumn,0,0,0,7,0,0,0
2018-03-08,3,3,0,,0,0,0,Autumn,0,0,0,8,0,0,0
2018-03-09,4,3,0,,0,0,1,Autumn,0,0,0,9,0,0,0
2018-03-10,5,3,0,,0,1,0,Autumn,0,0,0,10,0,0,0
2018-03-11,6,3,0,,0,1,0,Autumn,0,0,0,11,0,0,0
2018-03-12,0,3,0,,0,0,0,Autumn,0,0,0,12,0,0,0
2018-03-13,1,3,0,,0,0,0,Autumn,0,0,0,13,0,0,0
2018-03-14,2,3,0,,0,0,0,Autumn,0,0,0,14,1,0,0
2018-03-15,3,3,0,,0,0,0,Autumn,0,0,0,15,1,0,0
2018-03-16,4,3,0,,0,0,1,Autumn,0,0,0,16,1,0,0
2018-03-17,5,3,0,,0,1,0,Autumn,0,0,0,17,0,0,0
2018-03-18,6,3,0,,0,1,0,Autumn,0,0,0,18,0,0,0
2018-03-19,0,3,0,,0,0,0,Autumn,0,0,0,19,0,0,0
2018-03-20,1,3,0,,0,0,0,Autumn,0,0,0,20,0,0,0
2018-03-21,2,3,0,,0,0,0,Autumn,0,0,0,21,0,0,0
2018-03-22,3,3,0,,0,0,0,Autumn,0,0,0,22,0,0,0
2018-03-23,4,3,0,,0,0,1,Autumn,0,0,0,23,0,0,0
2018-03-24,5,3,0,,0,1,0,Autumn,0,0,0,24,0,0,1
2018-03-25,6,3,0,,0,1,0,Autumn,0,0,0,25,0,0,0
2018-03-26,0,3,0,,0,0,0,Autumn,0,0,0,26,0,0,0
2018-03-27,1,3,0,,0,0,0,Autumn,0,0,0,27,0,0,0
2018-03-28,2,3,0,,0,0,0,Autumn,0,0,0,28,0,0,0
2018-03-29,3,3,0,,0,0,0,Autumn,0,0,0,29,0,1,0
2018-03-30,4,3,1,Sexta-feira Santa,0,0,1,Autumn,0,0,0,30,0,1,0
2018-03-31,5,3,0,,0,1,0,Autumn,0,0,0,31,0,1,0
2018-04-01,6,4,0,,0,1,0,Autumn,0,0,0,1,0,0,0
2018-04-02,0,4,0,,0,0,0,Autumn,0,0,0,2,0,0,0
2018-04-03,1,4,0,,0,0,0,Autumn,0,0,0,3,0,0,0
2018-04-04,2,4,0,,0,0,0,Autumn,0,0,0,4,0,0,0
2018-04-05,3,4,0,,0,0,0,Autumn,0,0,0,5,0,0,0
2018-04-06,4,4,0,,0,0,1,Autumn,0,0,0,6,0,0,0
2018-04-07,5,4,0,,0,1,0,Autumn,0,0,0,7,0,0,0
2018-04-08,6,4,0,,0,1,0,Autumn,0,0,0,8,0,0,0
2018-04-09,0,4,0,,0,0,0,Autumn,0,0,0,9,0,0,0
2018-04-10,1,4,0,,0,0,0,Autumn,0,0,0,10,0,0,0
2018-04-11,2,4,0,,0,0,0,Autumn,0,0,0,11,0,0,0
2018-04-12,3,4,0,,0,0,0,Autumn,0,0,0,12,0,0,0
2018-04-13,4,4,0,,0,0,1,Autumn,0,0,0,13,0,0,0
2018-04-14,5,4,0,,0,1,0,Autumn,0,0,0,14,1,0,0
2018-04-15,6,4,0,,0,1,0,Autumn,0,0,0,15,1,0,0
2018-04-16,0,4,0,,0,0,0,Autumn,0,0,0,16,1,0,0
2018-04-17,1,4,0,,0,0,0,Autumn,0,0,0,17,0,0,0
2018-04-18,2,4,0,,0,0,0,Autumn,0,0,0,18,0,0,0
2018-04-19,3,4,0,,0,0,0,Autumn,0,0,0,19,0,0,0
2018-04-20,4,4,0,,0,0,1,Autumn,0,0,0,20,0,0,0
2018-04-21,5,4,1,Tiradentes,0,1,0,Autumn,0,0,0,21,0,0,0
2018-04-22,6,4,0,,0,1,0,Autumn,0,0,0,22,0,0,0
2018-04-23,0,4,0,,0,0,0,Autumn,0,0,0,23,0,0,0
2018-04-24,1,4,0,,0,0,0,Autumn,0,0,0,24,0,0,1
2018-04-25,2,4,0,,0,0,0,Autumn,0,0,0,25,0,0,0
2018-04-26,3,4,0,,0,0,0,Autumn,0,0,0,26,0,0,0
2018-04-27,4,4,0,,0,0,1,Autumn,0,0,0,27,0,0,0
2018-04-28,5,4,0,,0,1,0,Autumn,0,0,0,28,0,1,0
2018-04-29,6,4,0,,0,1,0,Autumn,0,0,0,29,0,1,0
2018-04-30,0,4,0,,0,0,0,Autumn,0,0,0,30,0,1,0
2018-05-01,1,5,1,Dia do Trabalhador,0,0,0,Autumn,0,0,0,1,0,0,0
2018-05-02,2,5,0,,0,0,0,Autumn,0,0,0,2,0,0,0
2018-05-03,3,5,0,,0,0,0,Autumn,0,0,0,3,0,0,0
2018-05-04,4,5,0,,0,0,1,Autumn,0,0,0,4,0,0,0
2018-05-05,5,5,0,,0,1,0,Autumn,0,0,0,5,0,0,0
2018-05-06,6,5,0,,0,1,0,Autumn,0,0,0,6,0,0,0
2018-05-07,0,5,0,,0,0,0,Autumn,0,0,0,7,0,0,0
2018-05-08,1,5,0,,0,0,0,Autumn,0,0,0,8,0,0,0
2018-05-09,2,5,0,,0,0,0,Autumn,0,0,0,9,0,0,0
2018-05-10,3,5,0,,0,0,0,Autumn,0,0,0,10,0,0,0
2018-05-11,4,5,0,,0,0,1,Autumn,0,0,0,11,0,0,0
2018-05-12,5,5,0,,0,1,0,Autumn,0,0,0,12,0,0,0
2018-05-13,6,5,0,,0,1,0,Autumn,0,0,1,13,0,0,0
2018-05-14,0,5,0,,0,0,0,Autumn,0,0,0,14,1,0,0
2018-05-15,1,5,0,,0,0,0,Autumn,0,0,0,15,1,0,0
2018-05-16,2,5,0,,0,0,0,Autumn,0,0,0,16,1,0,0
2018-05-17,3,5,0,,0,0,0,Autumn,0,0,0,17,0,0,0
2018-05-18,4,5,0,,0,0,1,Autumn,0,0,0,18,0,0,0
2018-05-19,5,5,0,,0,1,0,Autumn,0,0,0,19,0,0,0
2018-05-20,6,5,0,,0,1,0,Autumn,0,0,0,20,0,0,0
2018-05-21,0,5,0,,0,0,0,Autumn,0,0,0,21,0,0,0
2018-05-22,1,5,0,,0,0,0,Autumn,0,0,0,22,0,0,0
2018-05-23,2,5,0,,0,0,0,Autumn,0,0,0,23,0,0,0
2018-05-24,3,5,0,,0,0,0,Autumn,0,0,0,24,0,0,1
2018-05-25,4,5,0,,0,0,1,Autumn,0,0,0,25,0,0,0
2018-05-26,5,5,0,,0,1,0,Autumn,0,0,0,26,0,0,0
2018-05-27,6,5,0,,0,1,0,Autumn,0,0,0,27,0,0,0
2018-05-28,0,5,0,,0,0,0,Autumn,0,0,0,28,0,0,0
2018-05-29,1,5,0,,0,0,0,Autumn,0,0,0,29,0,1,0
2018-05-30,2,5,0,,0,0,0,Autumn,0,0,0,30,0,1,0
2018-05-31,3,5,0,,0,0,0,Autumn,0,0,0,31,0,1,0
2018-06-01,4,6,0,,0,0,1,Winter,0,0,0,1,0,0,0
2018-06-02,5,6,0,,0,1,0,Winter,0,0,0,2,0,0,0
2018-06-03,6,6,0,,0,1,0,Winter,0,0,0,3,0,0,0
2018-06-04,0,6,0,,0,0,0,Winter,0,0,0,4,0,0,0
2018-06-05,1,6,0,,0,0,0,Winter,0,0,0,5,0,0,0
2018-06-06,2,6,0,,0,0,0,Winter,0,0,0,6,0,0,0
2018-06-07,3,6,0,,0,0,0,Winter,0,0,0,7,0,0,0
2018-06-08,4,6,0,,0,0,1,Winter,0,0,0,8,0,0,0
2018-06-09,5,6,0,,0,1,0,Winter,0,0,0,9,0,0,0
2018-06-10,6,6,0,,0,1,0,Winter,0,0,0,10,0,0,0
2018-06-11,0,6,0,,0,0,0,Winter,0,0,0,11,0,0,0
2018-06-12,1,6,0,,0,0,0,Winter,0,0,0,12,0,0,0
2018-06-13,2,6,0,,0,0,0,Winter,0,0,0,13,0,0,0
2018-06-14,3,6,0,,0,0,0,Winter,0,1,0,14,1,0,0
2018-06-15,4,6,0,,0,0,1,Winter,0,1,0,15,1,0,0
2018-06-16,5,6,0,,0,1,0,Winter,0,1,0,16,1,0,0
2018-06-17,6,6,0,,0,1,0,Winter,0,1,0,17,0,0,0
2018-06-18,0,6,0,,0,0,0,Winter,0,1,0,18,0,0,0
2018-06-19,1,6,0,,0,0,0,Winter,0,1,0,19,0,0,0
2018-06-20,2,6,0,,0,0,0,Winter,0,1,0,20,0,0,0
2018-06-21,3,6,0,,0,0,0,Winter,0,1,0,21,0,0,0
2018-06-22,4,6,0,,0,0,1,Winter,0,1,0,22,0,0,0
2018-06-23,5,6,0,,0,1,0,Winter,0,1,0,23,0,0,0
2018-06-24,6,6,0,,0,1,0,Winter,0,1,0,24,0,0,1
2018-06-25,0,6,0,,0,0,0,Winter,0,1,0,25,0,0,0
2018-06-26,1,6,0,,0,0,0,Winter,0,1,0,26,0,0,0
2018-06-27,2,6,0,,0,0,0,Winter,0,1,0,27,0,0,0
2018-06-28,3,6,0,,0,0,0,Winter,0,1,0,28,0,1,0
2018-06-29,4,6,0,,0,0,1,Winter,0,1,0,29,0,1,0
2018-06-30,5,6,0,,0,1,0,Winter,0,1,0,30,0,1,0
2018-07-01,6,7,0,,0,1,0,Winter,0,1,0,1,0,0,0
2018-07-02,0,7,0,,0,0,0,Winter,0,1,0,2,0,0,0
2018-07-03,1,7,0,,0,0,0,Winter,0,1,0,3,0,0,0
2018-07-04,2,7,0,,0,0,0,Winter,0,1,0,4,0,0,0
2018-07-05,3,7,0,,0,0,0,Winter,0,1,0,5,0,0,0
2018-07-06,4,7,0,,0,0,1,Winter,0,1,0,6,0,0,0
2018-07-07,5,7,0,,0,1,0,Winter,0,1,0,7,0,0,0
2018-07-08,6,7,0,,0,1,0,Winter,0,1,0,8,0,0,0
2018-07-09,0,7,0,,0,0,0,Winter,0,1,0,9,0,0,0
2018-07-10,1,7,0,,0,0,0,Winter,0,1,0,10,0,0,0
2018-07-11,2,7,0,,0,0,0,Winter,0,1,0,11,0,0,0
2018-07-12,3,7,0,,0,0,0,Winter,0,1,0,12,0,0,0
2018-07-13,4,7,0,,0,0,1,Winter,0,1,0,13,0,0,0
2018-07-14,5,7,0,,0,1,0,Winter,0,1,0,14,1,0,0
2018-07-15,6,7,0,,0,1,0,Winter,0,1,0,15,1,0,0
2018-07-16,0,7,0,,0,0,0,Winter,0,0,0,16,1,0,0
2018-07-17,1,7,0,,0,0,0,Winter,0,0,0,17,0,0,0
2018-07-18,2,7,0,,0,0,0,Winter,0,0,0,18,0,0,0
2018-07-19,3,7,0,,0,0,0,Winter,0,0,0,19,0,0,0
2018-07-20,4,7,0,,0,0,1,Winter,0,0,0,20,0,0,0
2018-07-21,5,7,0,,0,1,0,Winter,0,0,0,21,0,0,0
2018-07-22,6,7,0,,0,1,0,Winter,0,0,0,22,0,0,0
2018-07-23,0,7,0,,0,0,0,Winter,0,0,0,23,0,0,0
2018-07-24,1,7,0,,0,0,0,Winter,0,0,0,24,0,0,1
2018-07-25,2,7,0,,0,0,0,Winter,0,0,0,25,0,0,0
2018-07-26,3,7,0,,0,0,0,Winter,0,0,0,26,0,0,0
2018-07-27,4,7,0,,0,0,1,Winter,0,0,0,27,0,0,0
2018-07-28,5,7,0,,0,1,0,Winter,0,0,0,28,0,0,0
2018-07-29,6,7,0,,0,1,0,Winter,0,0,0,29,0,1,0
2018-07-30,0,7,0,,0,0,0,Winter,0,0,0,30,0,1,0
2018-07-31,1,7,0,,0,0,0,Winter,0,0,0,31,0,1,0
2018-08-01,2,8,0,,0,0,0,Winter,0,0,0,1,0,0,0
2018-08-02,3,8,0,,0,0,0,Winter,0,0,0,2,0,0,0
2018-08-03,4,8,0,,0,0,1,Winter,0,0,0,3,0,0,0
2018-08-04,5,8,0,,0,1,0,Winter,0,0,0,4,0,0,0
2018-08-05,6,8,0,,0,1,0,Winter,0,0,0,5,0,0,0
2018-08-06,0,8,0,,0,0,0,Winter,0,0,0,6,0,0,0
2018-08-07,1,8,0,,0,0,0,Winter,0,0,0,7,0,0,0
2018-08-08,2,8,0,,0,0,0,Winter,0,0,0,8,0,0,0
2018-08-09,3,8,0,,0,0,0,Winter,0,0,0,9,0,0,0
2018-08-10,4,8,0,,0,0,1,Winter,0,0,0,10,0,0,0
2018-08-11,5,8,0,,0,1,0,Winter,0,0,0,11,0,0,0
2018-08-12,6,8,0,,0,1,0,Winter,0,0,1,12,0,0,0
2018-08-13,0,8,0,,0,0,0,Winter,0,0,0,13,0,0,0
2018-08-14,1,8,0,,0,0,0,Winter,0,0,0,14,1,0,0
2018-08-15,2,8,0,,0,0,0,Winter,0,0,0,15,1,0,0
2018-08-16,3,8,0,,0,0,0,Winter,0,0,0,16,1,0,0
2018-08-17,4,8,0,,0,0,1,Winter,0,0,0,17,0,0,0
2018-08-18,5,8,0,,0,1,0,Winter,0,0,0,18,0,0,0
2018-08-19,6,8,0,,0,1,0,Winter,0,0,0,19,0,0,0
2018-08-20,0,8,0,,0,0,0,Winter,0,0,0,20,0,0,0
2018-08-21,1,8,0,,0,0,0,Winter,0,0,0,21,0,0,0
2018-08-22,2,8,0,,0,0,0,Winter,0,0,0,22,0,0,0
2018-08-23,3,8,0,,0,0,0,Winter,0,0,0,23,0,0,0
2018-08-24,4,8,0,,0,0,1,Winter,0,0,0,24,0,0,1
2018-08-25,5,8,0,,0,1,0,Winter,0,0,0,25,0,0,0
2018-08-26,6,8,0,,0,1,0,Winter,0,0,0,26,0,0,0
2018-08-27,0,8,0,,0,0,0,Winter,0,0,0,27,0,0,0
2018-08-28,1,8,0,,0,0,0,Winter,0,0,0,28,0,0,0
2018-08-29,2,8,0,,0,0,0,Winter,0,0,0,29,0,1,0
2018-08-30,3,8,0,,0,0,0,Winter,0,0,0,30,0,1,0
2018-08-31,4,8,0,,0,0,1,Winter,0,0,0,31,0,1,0
2018-09-01,5,9,0,,0,1,0,Spring,0,0,0,1,0,0,0
2018-09-02,6,9,0,,0,1,0,Spring,0,0,0,2,0,0,0
2018-09-03,0,9,0,,0,0,0,Spring,0,0,0,3,0,0,0
2018-09-04,1,9,0,,0,0,0,Spring,0,0,0,4,0,0,0
2018-09-05,2,9,0,,0,0,0,Spring,0,0,0,5,0,0,0
2018-09-06,3,9,0,,0,0,0,Spring,0,0,0,6,0,0,0
2018-09-07,4,9,1,Independência do Brasil,0,0,1,Spring,0,0,0,7,0,0,0
2018-09-08,5,9,0,,0,1,0,Spring,0,0,0,8,0,0,0
2018-09-09,6,9,0,,0,1,0,Spring,0,0,0,9,0,0,0
2018-09-10,0,9,0,,0,0,0,Spring,0,0,0,10,0,0,0
2018-09-11,1,9,0,,0,0,0,Spring,0,0,0,11,0,0,0
2018-09-12,2,9,0,,0,0,0,Spring,0,0,0,12,0,0,0
2018-09-13,3,9,0,,0,0,0,Spring,0,0,0,13,0,0,0
2018-09-14,4,9,0,,0,0,1,Spring,0,0,0,14,1,0,0
2018-09-15,5,9,0,,0,1,0,Spring,0,0,0,15,1,0,0
2018-09-16,6,9,0,,0,1,0,Spring,0,0,0,16,1,0,0
2018-09-17,0,9,0,,0,0,0,Spring,0,0,0,17,0,0,0
2018-09-18,1,9,0,,0,0,0,Spring,0,0,0,18,0,0,0
2018-09-19,2,9,0,,0,0,0,Spring,0,0,0,19,0,0,0
2018-09-20,3,9,0,,0,0,0,Spring,0,0,0,20,0,0,0
2018-09-21,4,9,0,,0,0,1,Spring,0,0,0,21,0,0,0
2018-09-22,5,9,0,,0,1,0,Spring,0,0,0,22,0,0,0
2018-09-23,6,9,0,,0,1,0,Spring,0,0,0,23,0,0,0
2018-09-24,0,9,0,,0,0,0,Spring,0,0,0,24,0,0,1
2018-09-25,1,9,0,,0,0,0,Spring,0,0,0,25,0,0,0
2018-09-26,2,9,0,,0,0,0,Spring,0,0,0,26,0,0,0
2018-09-27,3,9,0,,0,0,0,Spring,0,0,0,27,0,0,0
2018-09-28,4,9,0,,0,0,1,Spring,0,0,0,28,0,1,0
2018-09-29,5,9,0,,0,1,0,Spring,0,0,0,29,0,1,0
2018-09-30,6,9,0,,0,1,0,Spring,0,0,0,30,0,1,0
2018-10-01,0,10,0,,0,0,0,Spring,0,0,0,1,0,0,0
2018-10-02,1,10,0,,0,0,0,Spring,0,0,0,2,0,0,0
2018-10-03,2,10,0,,0,0,0,Spring,0,0,0,3,0,0,0
2018-10-04,3,10,0,,0,0,0,Spring,0,0,0,4,0,0,0
2018-10-05,4,10,0,,0,0,1,Spring,0,0,0,5,0,0,0
2018-10-06,5,10,0,,0,1,0,Spring,0,0,0,6,0,0,0
2018-10-07,6,10,0,,0,1,0,Spring,0,1,0,7,0,0,0
2018-10-08,0,10,0,,0,0,0,Spring,0,0,0,8,0,0,0
2018-10-09,1,10,0,,0,0,0,Spring,0,0,0,9,0,0,0
2018-10-10,2,10,0,,0,0,0,Spring,0,0,0,10,0,0,0
2018-10-11,3,10,0,,0,0,0,Spring,0,0,0,11,0,0,0
2018-10-12,4,10,1,Nossa Senhora Aparecida,0,0,1,Spring,0,0,0,12,0,0,0
2018-10-13,5,10,0,,0,1,0,Spring,0,0,0,13,0,0,0
2018-10-14,6,10,0,,0,1,0,Spring,0,0,0,14,1,0,0
2018-10-15,0,10,0,,0,0,0,Spring,0,0,0,15,1,0,0
2018-10-16,1,10,0,,0,0,0,Spring,0,0,0,16,1,0,0
2018-10-17,2,10,0,,0,0,0,Spring,0,0,0,17,0,0,0
